last_login_days,usage_score,tickets_last_30d,avg_ticket_sentiment,email_open_rate,feature_drop_count,payment_delay_days,churn_probability,churned,health_score
38,0.0468964677912199,1,0.6167897646080458,0.2518067660508815,3,22,0.9998006,1,0.019937754
51,0.2686724820253073,3,0.2232928387799848,0.8237463879508005,0,28,0.99979275,1,0.020724535
28,0.0221847420303016,0,-0.4085048748099587,0.0852683416116774,1,8,0.9972818,1,0.27182102
14,0.4981651866458929,4,-0.4885125969033992,0.8661837088690295,0,20,0.99911076,1,0.08892417
42,0.4762106967890142,1,-0.345158082533104,0.4991864509333305,0,19,0.99970716,1,0.029283762
7,0.8313714900625012,3,-0.6707589735269903,0.296537589620262,0,8,0.25688317,0,74.31168
20,0.3077772397710494,3,-0.6376562982999598,0.2651132504151487,3,20,0.99989974,1,0.010025501
38,0.8163857352130623,2,0.5813822038003358,0.4320105589303626,3,24,0.9997768,1,0.02232194
57,0.967973765439823,1,-0.23053484698511,0.999049498103645,0,23,0.9896702,1,1.0329783
18,0.0884082233656465,2,-0.1280096388588283,0.2203273934375825,2,19,0.99981326,1,0.018674135
22,0.7918178394696329,1,0.1880989311336223,0.1032166488789996,1,10,0.9742216,1,2.5778413
10,0.5899558971376361,1,0.1793069903030952,0.5850351687186619,2,10,0.95564663,1,4.4353366
10,0.4800459670184751,1,-0.8652462569561485,0.4885424664402571,1,6,0.99020773,1,0.9792268
23,0.4205357786650751,2,0.6630815726753312,0.5241962710633074,0,20,0.99646,1,0.35399795
52,0.7846682639443096,1,-0.6453468935521212,0.6669354175572171,0,9,0.9990332,1,0.096678734
35,0.6393613569742423,3,0.4461432720993377,0.2671440698706493,0,3,0.99673504,1,0.32649636
39,0.8050446675193619,1,0.5453419762563332,0.9106649953838885,1,4,0.9982805,1,0.17194748
23,0.9031510586766264,3,0.4297990681826273,0.4356720661222903,0,4,0.6899176,0,31.008238
2,0.617263712097292,3,0.1579552931082903,0.1290861951424617,2,10,0.96604455,1,3.3955455
21,0.980462725092378,2,-0.9707820057822344,0.7422987567339443,1,8,0.9881891,1,1.1810899
52,0.6080878495418852,2,-0.2792490152736586,0.6431043526178503,0,27,0.9996006,1,0.039941072
1,0.6366443216222826,2,0.2096788587251623,0.3157434024840371,1,15,0.08536174,0,91.46383
23,0.5548156085422257,2,-0.2250974081549226,0.6215187240340485,1,8,0.9976683,1,0.23316741
43,0.0910020910513302,2,0.7269597898256261,0.2198619563689768,2,21,0.999861,1,0.013899803
29,0.7263970326502283,1,-0.3823954493007693,0.4448393593405295,0,29,0.9984665,1,0.15335083
37,0.5474463068991116,3,-0.4129304150826791,0.8994125221673253,3,3,0.9996637,1,0.03362894
1,0.4509104474161044,2,-0.468004613814684,0.1335342331607494,1,1,0.21295767,0,78.70423
59,0.910471278403273,3,-0.334438262078409,0.386696449987462,1,13,0.9991818,1,0.081819296
20,0.2979594515419504,3,0.1148099286283743,0.8211424247203473,3,2,0.9993255,1,0.067448616
32,0.5236022760150112,3,0.4140305885451816,0.9694908994061782,0,17,0.9991258,1,0.08742213
11,0.6976418714934634,0,0.3251358354775702,0.4539261364217959,1,20,0.06051941,0,93.94806
57,0.7964717756738773,1,0.6154356399629592,0.5069996201433474,0,5,0.99376583,1,0.6234169
21,0.4593468079461724,3,0.7718279909948498,0.5721719617837697,0,10,0.98782825,1,1.2171745
43,0.8420914150187097,0,0.6321580846867025,0.9323481416337108,0,20,0.99570435,1,0.4295647
24,0.7689177413153975,3,-0.9621091932512909,0.8582067909770298,2,17,0.9995976,1,0.040239096
48,0.0662359778518658,1,0.4718359071039775,0.1706011246216443,1,11,0.99951255,1,0.04874468
26,0.0458612664046329,0,-0.5832008527633368,0.436757817847075,0,4,0.99648666,1,0.35133362
58,0.6208056844220913,0,-0.7341439145840347,0.4640004281964263,2,8,0.99934393,1,0.06560683
41,0.3474134082254142,1,0.276977569598271,0.7890961116487567,2,19,0.99971956,1,0.028043985
27,0.2091307910785141,1,-0.3605136091846102,0.6028928826054353,1,27,0.99975234,1,0.02476573
59,0.5796499344717384,1,-0.8857656732591135,0.654220462029013,0,25,0.9997842,1,0.021582842
15,0.341563210456545,4,-0.7247405312032773,0.9981999076656176,3,17,0.9995832,1,0.041681528
14,0.5372634167140701,3,-0.998141166260078,0.074960043470013,0,18,0.9989967,1,0.1003325
46,0.460119158983572,2,0.8064472546894146,0.223009823533733,1,2,0.999181,1,0.08190274
50,0.5847661059491537,4,-0.9507640323175228,0.4078959373715468,1,8,0.9998203,1,0.0179708
43,0.4003004889102813,2,-0.5810884609809779,0.3477824030488872,2,3,0.9997671,1,0.023287535
54,0.6976675736969318,0,-0.1674744386241853,0.0216455613469835,0,16,0.9960174,1,0.39826035
51,0.1800672723492985,1,-0.2868573480983618,0.0917776064711758,0,16,0.9995989,1,0.040107965
56,0.696501466227079,5,0.8234517538255515,0.6809532914035762,1,22,0.9995764,1,0.04236102
2,0.4116612143575281,1,-0.9194221085309158,0.8793244633625606,3,22,0.9920555,1,0.7944524
36,0.8743176048544171,5,0.0244294153541031,0.5142270112659776,0,1,0.98909503,1,1.0904968
50,0.5152360548642109,0,0.3609589250487479,0.539191079513633,0,8,0.9954202,1,0.45797825
6,0.9731103492701044,2,0.8633959473623376,0.2550934328323794,1,8,0.032958336,0,96.70417
20,0.6019353955409602,0,0.240742504247442,0.7678763636337114,4,4,0.9914739,1,0.8526087
8,0.2238490659063206,1,0.6075104720235254,0.7517945873672564,1,14,0.17087571,0,82.91243
38,0.8217906368444492,4,-0.8325501243093032,0.5883656892176566,0,14,0.9995359,1,0.046408176
17,0.3450826278223867,0,-0.2281209781261453,0.2126642865113428,1,2,0.9628284,1,3.7171602
3,0.3476192144826835,0,-0.252105731041865,0.0970182182370894,0,18,0.08613611,0,91.38639
24,0.0318046814851651,2,0.7725764329114353,0.0642385758571258,2,27,0.99942136,1,0.05786419
59,0.5487153092074086,1,-0.6972576574734501,0.5926960666428778,1,2,0.99928623,1,0.07137656
13,0.534423503732523,1,-0.6962276553267395,0.8250353191428,1,5,0.9833725,1,1.662749
49,0.3559914842719861,3,-0.3428837002284031,0.8583304317809248,2,3,0.99970835,1,0.029164553
57,0.8942172628959257,1,-0.8910679052663248,0.4636220743434498,1,23,0.9989691,1,0.10309219
8,0.1287483982996439,2,-0.6350839186950199,0.7842712993067169,1,12,0.99887425,1,0.11257529
25,0.3300995133101554,3,0.9304192770914704,0.9468801963410236,1,26,0.9990416,1,0.09583831
52,0.321582764680029,1,-0.1436321202656543,0.275170112488068,0,12,0.99943143,1,0.05685687
1,0.092290586228746,1,0.2640384168448728,0.3979603463807571,2,26,0.98904246,1,1.0957539
19,0.4811453940562932,4,0.4522225186892739,0.9314789925966808,1,10,0.99747247,1,0.2527535
27,0.687784717096083,2,-0.266077185985599,0.3382309673172848,1,4,0.99759644,1,0.24035573
46,0.5116570135472612,1,-0.7055458511789661,0.9138762903217964,0,0,0.99873847,1,0.12615323
59,0.1569776827161937,2,-0.5868379675564384,0.9810448622544656,2,8,0.9998233,1,0.017672777
6,0.3772859652420726,3,-0.3734670468387793,0.6618107285744247,0,16,0.9777675,1,2.2232473
43,0.0025950243836465,1,0.2721368407044513,0.8168902895041683,2,21,0.99982893,1,0.017106533
7,0.8683011070355868,3,-0.2034389018218911,0.7495455642210852,2,0,0.9772182,1,2.278179
46,0.0845170076806819,0,-0.9863706041997438,0.6995342576155238,2,2,0.9992084,1,0.07916093
34,0.5972780822554306,0,0.0468143701349437,0.3069310729812325,0,14,0.9977297,1,0.22702813
13,0.9862569958668151,1,0.8430267838148358,0.0570943379079437,2,25,0.2082227,0,79.177734
16,0.5365906459873325,2,0.6241552220173581,0.3430517325196506,1,20,0.99863416,1,0.13658404
35,0.9240417591074332,1,0.6504227425192621,0.6669359852039066,1,25,0.9934214,1,0.6578624
49,0.2361165331174043,3,0.5901160352122623,0.1025291982278013,1,22,0.9998807,1,0.01193285
39,0.7599554089375856,4,-0.3525383487791527,0.011917982978242,2,29,0.99976236,1,0.023764372
3,0.531265753973534,0,0.530387667508784,0.1396923726029386,0,9,0.004174589,0,99.58254
1,0.7205160613914648,3,-0.713677284377614,0.7157359264107953,0,7,0.10601746,0,89.398254
5,0.0623413625112414,2,0.315432294551907,0.972793701656444,1,11,0.9494087,1,5.0591288
53,0.1477390919062267,3,0.2831371333699888,0.9830646996148203,0,24,0.99970955,1,0.029045343
41,0.1331169285874782,1,-0.9488604018205308,0.4939791491401879,1,21,0.999874,1,0.012600422
3,0.6871655054033311,3,0.5759402671818632,0.8693523009923474,0,14,0.018669533,0,98.13305
53,0.8444406726336288,2,0.8064962101902611,0.7368264557515041,0,26,0.9985079,1,0.1492083
28,0.7496162320085874,0,-0.4651694430557846,0.5010402369846034,0,8,0.98001045,1,1.998955
17,0.0304721527335941,3,0.6247814483723018,0.5727605329550868,0,23,0.9990308,1,0.09691715
25,0.8672149810747233,0,-0.8351880562761036,0.137227146616871,1,24,0.98111224,1,1.8887758
43,0.3541466707931254,2,0.199935716522132,0.937661460616592,1,9,0.99952996,1,0.047004223
33,0.3971638325040825,5,-0.0287062693314457,0.3519297707317768,0,19,0.9998012,1,0.019878149
9,0.1048691665324809,2,0.091847066618,0.4461492564571695,0,8,0.9844022,1,1.559782
35,0.7374052060938191,1,0.8524104037686902,0.6716602309978987,0,14,0.9962441,1,0.3755927
13,0.182283878475958,3,0.742630494493707,0.3339024715265539,1,22,0.9992391,1,0.07609129
30,0.5639650920188364,2,0.5701673144795141,0.2542591609889305,0,20,0.99923897,1,0.07610321
47,0.8407099858779311,1,-0.452603084643258,0.6310493932702206,0,20,0.9995345,1,0.046551228
14,0.0892043287120561,0,0.8236372573721833,0.0249840822818494,0,0,0.13794526,0,86.20547
7,0.5353355640155235,3,-0.8049846150722495,0.7207251120266789,0,1,0.96782124,1,3.217876
13,0.2332164115498012,0,0.7066584331175756,0.5140233698765098,1,25,0.9466488,1,5.335122
22,0.3429268642782602,1,-0.3436798552927844,0.6057537305209344,1,18,0.9988423,1,0.1157701
59,0.4739699414305561,4,-0.8924553766760333,0.6318801592468851,3,29,0.9999212,1,0.007879734
56,0.3551043032793047,0,0.3387139684814966,0.5270501564925637,2,13,0.99932456,1,0.06754398
39,0.648822840291576,0,-0.5374401433680891,0.582533777440736,2,7,0.9991097,1,0.08903146
20,0.4795821017542502,1,-0.5128577482707362,0.6837882008898746,0,5,0.9938891,1,0.61109066
15,0.5841994847141693,2,-0.387905667542457,0.7531188471796741,0,11,0.95966685,1,4.033315
44,0.7368224753949129,1,-0.8726304649949665,0.7274523912861205,1,25,0.99964154,1,0.035846233
17,0.5577422659504374,3,-0.6457457116034919,0.8696164577322617,2,26,0.9998036,1,0.01963973
46,0.5865354346607591,4,-0.9897207448288794,0.1894434331674027,2,28,0.99991155,1,0.008845329
52,0.5644585425226413,2,-0.1091809577884264,0.4011479694917975,3,14,0.99988127,1,0.011873245
23,0.3787726259512893,3,-0.8314892451640574,0.9477960660144572,2,13,0.99975735,1,0.02426505
25,0.3374468338719181,0,0.365305210088398,0.3965905743863297,3,20,0.9983286,1,0.16713738
24,0.8996473971450123,2,-0.5287542976167032,0.1248700769059226,1,28,0.9991229,1,0.087708235
59,0.6075552222935728,2,0.8871482880703543,0.5254451263621795,0,0,0.99479467,1,0.5205333
59,0.2443531554646545,1,0.7425032547973052,0.1094909725544621,1,27,0.99973315,1,0.026685
59,0.4982476978489402,2,-0.4211182100635835,0.2028532387278652,0,10,0.9994779,1,0.05220771
44,0.330348481280914,2,0.5664309093133575,0.9983187565709568,2,27,0.99978894,1,0.021106005
40,0.9336918237598746,2,0.6064898093296125,0.541362638396132,1,24,0.9984353,1,0.15646815
28,0.0075343631340747,1,0.9731262282288208,0.284058389040429,0,2,0.9880377,1,1.1962295
14,0.2253327977125282,3,0.1956799736913699,0.994774954573906,2,18,0.99880266,1,0.11973381
44,0.3653568196740576,4,-0.8360685307126756,0.9665589185551432,1,17,0.9998357,1,0.01642704
0,0.4878098008087379,2,0.2936744578527619,0.4407390410842635,0,19,0.057420827,0,94.25791
24,0.8508175178361462,3,0.2499594967520704,0.2604031087879084,0,27,0.99786323,1,0.21367669
6,0.0878876245401438,3,0.2767011548408635,0.83839963809219,2,1,0.9957705,1,0.4229486
8,0.8058648867411434,3,-0.3857087037915769,0.7156207169717858,2,28,0.99750596,1,0.24940372
23,0.0556534893569753,5,0.7193591701606659,0.6869414350035103,0,24,0.9985998,1,0.14001727
0,0.8423140352981816,1,0.9189443659108238,0.8931137413224726,0,27,0.04120297,0,95.87971
43,0.0516354778745128,3,-0.5645749740436969,0.6894171338713246,1,25,0.9999149,1,0.008511543
7,0.018242481428361,1,-0.8236956837267111,0.2837979430415491,1,6,0.99074686,1,0.9253144
23,0.6969614623664215,0,-0.6109299336630318,0.6938631618757323,1,7,0.978513,1,2.1486998
10,0.9972555347683943,1,0.6411042785114376,0.3058135112836639,1,18,0.0075892196,0,99.24108
50,0.8966102629740208,1,0.353289269639695,0.759238979656995,3,21,0.9991128,1,0.088721514
16,0.57599841780566,3,0.2720946846782532,0.619747854491566,0,14,0.99738914,1,0.26108623
7,0.9173956130855316,1,-0.196413729781151,0.0774115519847505,0,9,0.004145834,0,99.58541
34,0.0053000063976054,2,0.1556559430228714,0.512835362435142,0,21,0.9998061,1,0.019389391
34,0.9750671629451424,3,-0.3842517494512651,0.3433009691957409,1,28,0.9969003,1,0.309968
32,0.4907487792587844,2,-0.0455998411640774,0.3285706327322942,0,0,0.9985983,1,0.14017224
58,0.7228960966217757,3,0.5861260567413118,0.6022563023772572,1,5,0.99941576,1,0.058424473
4,0.8208614731533526,3,0.9624831949109244,0.3223248244694249,0,12,0.02160272,0,97.83972
41,0.7184572708365536,2,0.8649778471796037,0.7768937482048727,0,13,0.99730265,1,0.26973486
38,0.5350367320449105,0,0.8677318856924976,0.0707914360111744,1,2,0.9890849,1,1.09151
57,0.476619484126412,3,-0.1955525303057752,0.6603882523958254,0,10,0.9996854,1,0.03145933
40,0.8385825587026248,1,-0.0624202389864181,0.8091948036567412,2,2,0.9989298,1,0.10702014
27,0.2050775601494591,1,0.4112707927379631,0.6728316899204301,3,18,0.99963045,1,0.03695488
6,0.9679940665042344,5,0.8443838561025685,0.4972291950199957,0,9,0.019236157,0,98.076385
8,0.7109524788367483,2,-0.7160114812958307,0.9503070137361812,0,26,0.96914434,1,3.0855656
7,0.1995069273383197,5,-0.3915162723456085,0.2999384897980636,2,14,0.9995895,1,0.04104972
11,0.7362471836984882,0,-0.721506310811781,0.0191678875249777,0,10,0.166428,0,83.3572
33,0.5298400231811167,2,0.2240170599189106,0.4319893714634408,2,14,0.9998554,1,0.014460087
32,0.7072300956444445,2,-0.3873980062249249,0.0330119359003272,4,25,0.9997348,1,0.026518106
47,0.7677795014428388,3,-0.3477842949748531,0.9539367525264087,0,26,0.9996131,1,0.038689375
54,0.0872901795896754,3,-0.8581680810240415,0.2099180457480515,0,23,0.999881,1,0.011897087
22,0.506103956359347,0,-0.3004078763848161,0.7889270239488795,1,12,0.99390197,1,0.6098032
23,0.932014342256934,1,0.7249930148031707,0.7745720831743649,1,4,0.25389338,0,74.610664
36,0.3206421921595143,3,-0.5338543762183301,0.2177288996829335,1,3,0.9996394,1,0.03606081
34,0.5938830975578988,1,0.3903749324201313,0.6212265304801673,0,12,0.99836904,1,0.16309619
43,0.3692304815098961,0,0.2592566898771853,0.0480789684864502,1,8,0.99678934,1,0.32106638
39,0.4542679722190996,1,0.7269692167382307,0.4835745857038674,1,24,0.9997112,1,0.02887845
21,0.5486031179381532,3,-0.7354241046979235,0.0146471272724867,1,16,0.9997218,1,0.027817488
26,0.5489219798889773,2,0.9551799206900864,0.9211438801808418,1,1,0.99303573,1,0.69642663
34,0.2017304623302358,1,0.1652572920807311,0.9760860241995716,2,23,0.9998024,1,0.01975894
0,0.6845715478798333,2,0.9909483046936288,0.2222827666385852,0,4,0.0026569017,0,99.734314
34,0.0878681112426568,2,0.8230294517317016,0.2081060345963727,1,15,0.99976236,1,0.023764372
36,0.1388247734420203,2,-0.5569654557737884,0.7537201765621296,1,6,0.9997824,1,0.021761656
46,0.0027108994143296,0,-0.8876759801933738,0.2533793988293344,2,0,0.9991124,1,0.08875728
13,0.1166960641416813,5,-0.4887218124092769,0.895076559161845,2,27,0.99977654,1,0.022345781
2,0.4731662010518922,2,0.0551272979988397,0.5739291361229822,3,25,0.9967294,1,0.3270626
0,0.6061018810558386,1,-0.65680726586962,0.3507776230103121,1,11,0.0978078,0,90.219215
4,0.7942894499664624,3,-0.665080510964023,0.8326937463494201,2,20,0.9949242,1,0.50758123
25,0.106699250113436,0,-0.0748129057896938,0.4934067004133952,0,10,0.987359,1,1.2641013
54,0.8507274600164547,2,-0.9334640576612832,0.9116329137084755,1,11,0.9997013,1,0.029867887
13,0.7459745255487181,3,-0.7562238349354591,0.928014236729381,0,18,0.9965603,1,0.34397244
38,0.4085182929359169,3,-0.1682773211841048,0.1654201521284093,0,25,0.9998678,1,0.01322031
26,0.9329380670999546,2,-0.8737401815840671,0.0023234061319302,0,11,0.99068236,1,0.93176365
8,0.9909294764573906,1,-0.2064898870889413,0.9839309401424022,1,11,0.01491514,0,98.508484
14,0.2050018100532372,2,-0.0519874681031098,0.9061375361274794,0,13,0.98780245,1,1.2197554
14,0.3792285849638004,3,-0.0974667718537711,0.0554452357038414,0,1,0.9904378,1,0.95621943
25,0.9264494235897112,1,0.7383497148061746,0.8330342639410699,0,1,0.05911755,0,94.08824
41,0.7215965507512772,4,0.0601249101034648,0.4578049325592066,1,24,0.99971074,1,0.028926134
59,0.0480946439640876,4,-0.0640390750439132,0.2589616050249752,1,28,0.999913,1,0.008702278
12,0.7815144817514149,0,-0.1785815092166676,0.8787465236769298,0,3,0.032136325,0,96.78637
50,0.8279408871774919,1,0.6352467566089723,0.1966672323903072,0,19,0.99739385,1,0.26061535
31,0.7505019247653135,3,0.7901132079996662,0.9472999994200668,0,22,0.9984907,1,0.15093088
38,0.7995371309195156,2,0.7064849383942351,0.205621487699341,2,25,0.99953437,1,0.04656315
48,0.8251326766927972,1,0.3470931562627817,0.6136831877287435,1,15,0.99864596,1,0.13540387
51,0.1864049867881441,2,-0.7252765080626515,0.2230863345289748,2,9,0.9999057,1,0.009429455
31,0.2356917460649997,2,-0.4462600610159755,0.5456686649686348,1,12,0.99987435,1,0.012564659
3,0.6337585637201772,1,-0.9078738726360452,0.6839751299151413,2,1,0.9023282,1,9.76718
29,0.907866130462516,1,0.8616481499802282,0.1902279308201375,0,2,0.20083609,0,79.9164
36,0.3161965822964946,2,0.3215970593818207,0.5208857827006792,0,18,0.9994942,1,0.0505805
22,0.5883066757950567,2,0.492725768626483,0.469059744390119,2,5,0.9980615,1,0.19385219
38,0.6829820634171324,3,-0.3768565208355421,0.0710374214033412,2,18,0.99972683,1,0.027316809
44,0.4519486012990392,1,0.6913070445546847,0.8183078176753029,2,26,0.99961627,1,0.03837347
14,0.713782454855326,2,-0.4807934325830429,0.3356824006428417,0,20,0.9946831,1,0.5316913
42,0.8996674452921731,2,-0.9967124857751006,0.5745821975518796,1,19,0.9994937,1,0.050628185
28,0.6241015441818376,3,-0.2471700749586121,0.5147842349331344,1,18,0.9996675,1,0.03324747
35,0.539781061914633,3,0.1415229619181468,0.5132605045704423,0,7,0.9989611,1,0.103890896
12,0.438744675388339,3,-0.0425902840689549,0.1072223942084874,2,13,0.9993524,1,0.06476045
31,0.5774862709061257,0,0.7241522851531941,0.4234820092493327,2,9,0.99694556,1,0.305444
6,0.3553624518183959,5,-0.7891894280876661,0.4523667592065702,0,2,0.98200005,1,1.7999947
58,0.3914821102015019,1,0.1076468812674511,0.7336428403644485,2,5,0.99962866,1,0.037133694
50,0.531857479688174,0,0.0259586996418148,0.8400188319206985,3,28,0.9996315,1,0.03684759
21,0.0666191123908169,2,-0.4372140356556739,0.544982278100018,1,14,0.9997694,1,0.023061037
27,0.2290253909247963,2,0.6444562251540211,0.0867829540649904,3,22,0.9998392,1,0.016081333
1,0.5428493106134089,1,0.5056973117644126,0.2368494705965462,0,22,0.06728828,0,93.27117
41,0.4315281431364426,5,0.4657183746636619,0.164934026852731,0,17,0.99952936,1,0.047063828
44,0.3328157859124843,3,0.7523849565391121,0.1246150631891247,1,13,0.99977773,1,0.022226572
56,0.7305491368093014,0,0.4455692012430423,0.3658992986178075,1,18,0.99306196,1,0.693804
52,0.6937176074033384,0,-0.5363174165705471,0.229393502154382,1,27,0.99939513,1,0.060486794
5,0.1667307599933831,4,0.4111254232993822,0.2183031118115123,1,25,0.9991486,1,0.085139275
27,0.8786291153734382,3,-0.3845943732203123,0.0546931745762676,0,9,0.9729522,1,2.7047813
27,0.4954236264039656,3,-0.5156506993050589,0.0176700447954338,0,14,0.9996463,1,0.035369396
43,0.7414609111390454,1,-0.8539928142007454,0.1027682426497818,0,3,0.99797136,1,0.20286441
43,0.5731508492573887,1,0.4880571606953534,0.172197479423633,1,22,0.9994906,1,0.05093813
19,0.9976926159238432,1,0.4220019238996224,0.4309837288482031,3,1,0.95736486,1,4.2635145
29,0.7524031200388227,2,-0.5310010446518125,0.5105202612988446,1,2,0.99880075,1,0.119924545
10,0.706980461243459,0,0.4987580334483119,0.1405919181733655,2,6,0.037206866,0,96.27931
57,0.7785719390507511,2,0.8356817661871061,0.4247833415241863,1,22,0.99941146,1,0.058853626
54,0.1431279855484696,1,-0.7839420850168415,0.3417488423259273,1,15,0.99983513,1,0.016486645
27,0.2045445931694632,4,-0.5347267232264501,0.183423643497956,0,9,0.99959534,1,0.040465593
24,0.7140640822236142,1,0.500521588174631,0.0068407481483635,3,18,0.9937808,1,0.6219208
38,0.4939814871308626,3,-0.4509866529858435,0.4670178665217417,3,27,0.9999229,1,0.007712841
32,0.7546352918601166,1,0.2493279485674335,0.6856517492651993,0,16,0.9981312,1,0.18687844
0,0.102916030744145,1,-0.837671551072571,0.226277334143807,0,27,0.98672885,1,1.3271153
56,0.5364813514845947,1,-0.0955950417929225,0.1318068298966793,2,18,0.9997745,1,0.022548437
26,0.3788215655569157,3,0.4781828439859061,0.8870427444469619,0,4,0.9945967,1,0.540328
56,0.4570002192816783,1,0.373027886086505,0.2750247724877978,0,22,0.9994887,1,0.051128864
51,0.6039578720725125,1,0.6301442013516136,0.2236126197926647,1,19,0.999329,1,0.06710291
12,0.5022883474625301,7,0.7549042532063377,0.8570969396099158,0,12,0.84206986,1,15.793014
40,0.5398606371128367,3,0.5463670025175165,0.8171070991667613,1,12,0.9997193,1,0.028067827
2,0.4863574819956078,1,0.3431754858778519,0.4483464705246336,1,10,0.049639624,0,95.03603
38,0.4089551770854932,0,-0.9365550163679376,0.4892388614277745,0,10,0.9991142,1,0.08857846
5,0.7718819805982451,1,0.069933346818888,0.2177487048340219,2,15,0.10121611,0,89.878395
7,0.0122030723180445,2,-0.9246045501702944,0.0783016704795575,1,14,0.999156,1,0.08440018
26,0.598442701205227,0,0.6161356342320452,0.5734318253556611,2,16,0.9949115,1,0.5088508
8,0.5655083473229738,2,-0.3585509510800848,0.0983449215902131,1,21,0.9861215,1,1.3878524
36,0.7161790747329522,0,0.1248587482358418,0.4492745469566498,1,17,0.9933478,1,0.66521764
32,0.5990293647773265,3,-0.4411093853621948,0.9404971985130108,1,27,0.99987197,1,0.012803078
50,0.8267988278090783,4,0.5650002887605872,0.9528343891705844,1,18,0.9994622,1,0.05378127
41,0.9590747945640278,1,0.7730050532838051,0.2393322865473586,1,3,0.97198987,1,2.801013
43,0.3425242571785434,3,-0.202715011573872,0.6241134200456544,1,21,0.9999155,1,0.008451939
23,0.227350983029987,1,0.725844787021978,0.4740762641078576,1,21,0.99743724,1,0.25627613
14,0.4235968624204829,2,-0.4658499850873352,0.875685127586106,1,22,0.9988381,1,0.116187334
58,0.2879296164757261,1,0.0693218461510476,0.2714308642760532,1,4,0.99953675,1,0.04632473
53,0.6149502631526544,1,0.7175228596774079,0.0037024068324168,0,6,0.99425805,1,0.5741954
31,0.9118524088429648,1,-0.3482373147684192,0.1625612059314151,0,1,0.9741563,1,2.584368
31,0.1391161941430618,2,0.9080845301561716,0.349522801169398,2,0,0.99943453,1,0.056546926
23,0.1007946030158865,1,-0.7562409964372327,0.3157211297704886,0,11,0.99862194,1,0.13780594
40,0.2560155318536622,2,-0.9634498605529876,0.7913629191228859,1,9,0.9998227,1,0.017732382
51,0.7260955860624008,3,0.8082707051563813,0.6805606661388378,1,7,0.9992755,1,0.072449446
48,0.5929629052588216,3,-0.8627026677042555,0.2995563196148972,1,0,0.9996493,1,0.035071373
48,0.1022126642251995,1,0.9837783918949834,0.4577438171662134,2,11,0.9994684,1,0.053161383
57,0.9187505222607464,2,0.9027937239582122,0.0955591039583352,0,1,0.97949255,1,2.0507455
51,0.7900846371240867,1,-0.7259581799273587,0.8981464448201008,2,26,0.9997962,1,0.020378828
11,0.0230226047876375,0,0.0751692513851316,0.935424824448534,0,27,0.956143,1,4.385698
38,0.6513672109882461,2,-0.6301594050657113,0.979803535380938,1,9,0.9997136,1,0.028640032
1,0.771246668519738,2,-0.1436896539397603,0.8685528307858377,1,21,0.19345155,0,80.65485
2,0.374435369720422,2,-0.8771497414803346,0.1739608876962255,3,16,0.9982456,1,0.17544031
48,0.0689215393672187,3,-0.552150824406821,0.0461964832016288,1,25,0.99988973,1,0.011026859
36,0.0773210654887872,0,-0.2734544072022009,0.579596727412674,1,2,0.9981871,1,0.18128753
48,0.1042469660518095,3,-0.1227049995078903,0.9126050268831104,0,6,0.9994572,1,0.05428195
55,0.8404396319804229,1,0.9549925164177864,0.1773513616597428,1,11,0.99668604,1,0.33139586
16,0.9106861982557132,1,0.6157312913679625,0.0070429146241418,3,7,0.9329574,1,6.704259
58,0.1228107818457338,2,0.4748198886238923,0.8054960460322443,2,19,0.999795,1,0.020498037
48,0.2359060345950812,4,0.0740826294839485,0.076795684286734,1,11,0.99983823,1,0.0161767
1,0.1655205103672897,1,0.6799955212086868,0.4137060319100304,2,2,0.7931158,0,20.688421
1,0.1863208794941206,2,-0.3213543286885778,0.678887337188785,1,16,0.9701633,1,2.9836714
27,0.8374907890024921,4,0.4177982255466321,0.2367975854561801,1,27,0.99948174,1,0.05182624
53,0.3321464126549389,4,0.9875679507563442,0.0839625634467267,0,8,0.9991984,1,0.08016229
22,0.3114442640456412,1,-0.3707421821296024,0.7700212284558287,1,9,0.9976252,1,0.23748279
36,0.2273956208771126,2,0.3480350697679346,0.6301750848870414,1,21,0.99989474,1,0.01052618
31,0.6078943937942587,3,0.6886297283047649,0.9884904844868048,1,5,0.9992835,1,0.07165074
32,0.3793056983855488,1,0.8316151667013445,0.3443080333199593,2,24,0.99954516,1,0.045484304
0,0.7442496518432888,3,0.4358653818802036,0.0617623862901997,0,0,0.038825016,0,96.11749
18,0.2055798083756375,2,-0.4327841531657275,0.7343500353352957,1,21,0.99982846,1,0.017154217
1,0.7877898887144924,4,-0.347435696862107,0.5217334188532456,1,11,0.2740919,1,72.59081
52,0.603721531730139,1,-0.9584839357520716,0.213203931389135,3,4,0.99978095,1,0.021904707
43,0.1142673000556877,1,0.5217719553430193,0.7817289890047594,0,12,0.998104,1,0.18960238
25,0.4145045842036277,6,-0.9145207878760973,0.2037554858499437,1,26,0.99987173,1,0.01282692
31,0.863518140612957,2,0.7293047092054914,0.2606616548329366,0,14,0.9921308,1,0.7869184
5,0.9229602317984849,3,-0.7626787710509224,0.0925285543667191,0,21,0.9687482,1,3.1251788
31,0.4657001223188132,2,-0.6562469757281515,0.3994322790308544,1,29,0.9999037,1,0.009632111
54,0.4808369780890735,2,-0.0469470583355253,0.4189292239374189,0,10,0.999403,1,0.059700012
3,0.9184547249393012,0,0.4757608303374847,0.5145617903482984,0,7,0.0003057215,0,99.96943
54,0.5870682241365672,3,-0.7219955896018446,0.7089642671237775,2,4,0.9998406,1,0.015938282
10,0.0328466702434383,2,-0.1198578498670031,0.9061009286804258,1,1,0.98802817,1,1.1971831
55,0.9127494628791288,1,-0.0342974511797904,0.1377340988878086,0,11,0.9880284,1,1.1971593
58,0.2482264427571519,1,-0.5754287166628174,0.054348098348657,0,27,0.9997806,1,0.02194047
16,0.5776319540915472,1,-0.7688832466387365,0.0185312335943332,2,1,0.9986167,1,0.13833046
37,0.1655133174279738,2,0.672841845971279,0.1436213780688162,1,25,0.9998703,1,0.012969971
23,0.0338791602465949,1,0.004931299525531,0.6579494857816259,2,15,0.9993687,1,0.06312728
4,0.3114731711327574,0,-0.971237528031694,0.7274770779964966,0,20,0.9839198,1,1.6080201
51,0.7804957075460877,3,0.6059626026182077,0.7865057135281222,1,2,0.99872524,1,0.12747645
33,0.2775871726294181,1,0.9615876108291695,0.2437082119043426,3,9,0.99946696,1,0.053304434
5,0.220097214081097,3,0.2118523908284946,0.3058948132615199,0,18,0.99185526,1,0.8144736
21,0.2126807843412262,4,0.0074167741681414,0.4831346455654994,1,7,0.9992779,1,0.07221103
10,0.5151736824068126,0,0.7568317260899233,0.0631830968602265,1,6,0.030185293,0,96.98147
47,0.9755413156827564,2,0.9050335793691971,0.6111415232112462,0,0,0.8867061,1,11.329389
15,0.458988988017013,2,0.509073831804921,0.9837350336757578,0,11,0.24779382,0,75.22062
32,0.5573053688900479,0,-0.1090941405314243,0.3608063113780025,1,28,0.9993799,1,0.062012672
8,0.860632017890734,2,0.1844427986628809,0.7528474750913839,2,27,0.9873723,1,1.2627721
59,0.5350697189336586,1,0.4018707300359985,0.500033915569608,1,4,0.999236,1,0.07640123
58,0.1844628714188561,1,-0.6114528579963971,0.1278118443603827,1,15,0.99983895,1,0.016105175
5,0.299595911766477,0,-0.1055979355671239,0.5822374488025863,1,24,0.9011686,1,9.8831415
15,0.3099369262686109,2,0.65964252943457,0.2998742684440649,3,3,0.9929141,1,0.70859194
28,0.3973181154575979,3,0.309450696996886,0.0344032084534582,1,16,0.99974555,1,0.025445223
2,0.4267889053367494,0,-0.1775918655762918,0.6349297301177438,1,23,0.43741205,0,56.258797
19,0.7997820220742694,1,0.3267250680293627,0.8589323493247276,4,20,0.99852717,1,0.14728308
59,0.349386999049333,0,-0.7635551758550803,0.3447697668998741,1,1,0.99860126,1,0.13987422
58,0.4682318284413793,5,-0.1970047788702473,0.3902955472127705,2,11,0.9998957,1,0.010430813
35,0.6249759870510523,2,0.5862570759261128,0.8910216829672115,1,0,0.99874336,1,0.12566447
18,0.3777259474401693,2,-0.558982425726704,0.8136088133673559,0,29,0.9994802,1,0.05198121
25,0.8365648132923329,2,-0.6280769848851646,0.7149528235517771,1,11,0.9993193,1,0.068068504
2,0.5874536042340743,2,0.9016373198328628,0.2487970637531479,0,11,0.0099430075,0,99.0057
18,0.2940446792209715,2,-0.5802047408275386,0.9102166549666444,2,11,0.9997434,1,0.0256598
19,0.7140591997898282,2,-0.4781628406996638,0.154415757539213,0,18,0.99900526,1,0.09947419
31,0.5276477301447858,2,0.939231877808676,0.6267705194172218,1,24,0.9997563,1,0.02437234
6,0.5344558912572469,3,0.4694171405300513,0.0288011805465187,1,16,0.8373173,1,16.26827
51,0.4810879483875859,3,0.3991930660470564,0.6437198063249459,2,19,0.9998908,1,0.010919571
40,0.497011948821249,2,0.7058527677091626,0.2771443518733598,2,23,0.99983394,1,0.016605854
32,0.7653562810662407,1,-0.7683538355264115,0.44967697718372,1,23,0.9996358,1,0.036418438
39,0.1029814793313155,2,0.4119124731600143,0.3452645520570531,2,25,0.99991524,1,0.0084757805
38,0.3343628113104822,2,0.0073772186564777,0.1727567562462099,1,27,0.9998747,1,0.012528896
17,0.0755033638038892,3,0.6583012805682797,0.6219807900938741,0,10,0.9946031,1,0.53969026
39,0.7532462207474508,2,0.0162834373303886,0.8819755551406074,2,12,0.9996991,1,0.030088425
0,0.2723018547202994,3,0.2404827085378242,0.9590842422824034,1,26,0.9867669,1,1.3233125
10,0.8974304098188842,4,-0.0445157472009281,0.192346363153915,1,7,0.8999196,1,10.008038
27,0.5265784666592938,2,-0.0436821528883117,0.7173727740629734,0,9,0.99719113,1,0.2808869
56,0.800749771486121,4,0.5359399561236631,0.6643393666056823,1,7,0.99940586,1,0.05941391
24,0.9789314356159612,0,0.2571328012945664,0.3433777895745725,1,19,0.0862086,0,91.37914
49,0.8397888594565706,2,0.2665264032188208,0.0190991993537258,0,7,0.9969704,1,0.3029585
22,0.8669937600115235,1,-0.0994350323369483,0.6897912473128661,0,8,0.09416387,0,90.58361
30,0.4079844953648447,0,0.0622189926750551,0.9454948605595002,1,6,0.99653757,1,0.34624338
29,0.5517225952593398,3,0.4914353324095746,0.6321201219156514,4,13,0.99967384,1,0.03261566
41,0.2538885640433043,1,0.6518818382238365,0.4352927241876341,0,27,0.9995616,1,0.043839216
34,0.1961130996934528,5,0.3931228042880923,0.5251538941116284,1,1,0.9996599,1,0.03401041
6,0.5055078791060338,4,0.8481459776913662,0.1996288076599175,3,24,0.99688196,1,0.31180382
59,0.5950489797004206,1,0.6406481762944018,0.7505441637537376,1,10,0.9986848,1,0.13151765
15,0.3392712458961909,0,0.1237275796190369,0.746419830009849,1,7,0.1682984,0,83.170166
25,0.5694435177635003,0,0.3428121452874737,0.1455173003874249,1,12,0.97708225,1,2.2917747
47,0.887460482513503,2,0.852616553842392,0.8779783824996591,3,20,0.99900216,1,0.099784136
56,0.5567215847833661,0,0.2383360884861167,0.2691897394733052,2,14,0.9992988,1,0.070118904
51,0.7208130963105066,5,0.6496138959596613,0.9822560609366148,0,27,0.99900985,1,0.099015236
59,0.8053149673579051,2,0.3776210071799741,0.3829030140372458,0,2,0.9963397,1,0.36603212
48,0.9887287819554428,1,0.103872722120933,0.1778840587344996,0,22,0.96526897,1,3.473103
1,0.6031974021769796,2,-0.5163236091692938,0.3517201113456523,2,13,0.9887229,1,1.127708
0,0.806850148962586,2,-0.1480049610631437,0.4401803286971931,2,29,0.9659737,1,3.4026325
47,0.9626493185548748,0,0.9354856496674312,0.0693077730382948,2,14,0.97317374,1,2.6826262
11,0.9444097255772734,2,0.3155307665452,0.5782183812232895,0,1,0.046129096,0,95.38709
4,0.1410818487777135,2,0.1287907606779792,0.5976324398689004,1,28,0.9984529,1,0.15470982
36,0.406392308273522,1,0.8659132510564547,0.7389304553494722,1,18,0.99917513,1,0.08248687
31,0.3239900611067996,2,0.1730235620748974,0.0291698922907432,1,11,0.9996935,1,0.030648708
58,0.0869250149503493,1,0.0521650368348058,0.5412382144338301,0,24,0.99974376,1,0.025624037
54,0.6332407749109605,1,0.5186217103004105,0.0529074332706643,1,19,0.9990017,1,0.09983182
8,0.7359046131960023,0,0.4253312379730889,0.7011442199666534,3,3,0.077473,0,92.2527
40,0.8481280954668835,3,-0.6136799831831345,0.0557279857009844,2,2,0.9995641,1,0.043588877
34,0.1227768896627085,0,-0.0573834508517576,0.9117278483416328,0,4,0.9969093,1,0.30906796
18,0.8764440758752938,1,-0.0549691143608295,0.7020825668844966,1,2,0.16427432,0,83.57256
47,0.6429255636142532,2,-0.2435509695133104,0.5073897650851571,0,24,0.9993411,1,0.065892935
15,0.7039461351385095,4,0.0345869643045062,0.4415039232811749,0,14,0.9812351,1,1.8764913
2,0.910624003540304,2,-0.1737852045457115,0.1306726304132623,1,18,0.12624322,0,87.37568
19,0.6247612710432511,1,-0.6013090210576337,0.2909993895646631,2,1,0.99881727,1,0.1182735
23,0.3358658571498351,1,-0.1752670254506378,0.8689591050208962,0,11,0.98592466,1,1.4075339
53,0.8251073314226598,3,-0.8554461048536468,0.904452811562494,4,4,0.9998074,1,0.01925826
55,0.3630592121950905,4,0.1515717255488231,0.000747708370531,1,21,0.9998411,1,0.015890598
32,0.0342281108205291,0,0.7073090978822238,0.5941363914775513,0,16,0.9984465,1,0.15534759
23,0.8306545065652498,2,0.4505741687091105,0.7193006090251136,1,13,0.99550664,1,0.44933558
51,0.3451921448812756,4,-0.2792119198917775,0.6187469824576063,0,27,0.999874,1,0.012600422
10,0.7738345232013403,1,-0.8258575888453836,0.0816797648663539,1,26,0.98496497,1,1.5035033
48,0.3627578946659454,2,-0.5957012015494585,0.2177248987989022,1,21,0.9999101,1,0.00898838
7,0.8610680199747216,5,0.0909806809896713,0.250340267381386,0,9,0.11024981,1,88.97502
35,0.2195105250809587,3,-0.5858858332339343,0.8317246313050897,0,2,0.9993917,1,0.0608325
37,0.97454726519887,0,0.087946222569935,0.4631994363089204,0,3,0.3079095,0,69.20905
39,0.7797587747880308,4,-0.5368019504722021,0.4868282119412368,0,5,0.99893266,1,0.10673404
19,0.1142379259203968,2,0.6978477389521456,0.9348930465545086,1,23,0.99912673,1,0.087326765
34,0.5657766199665605,1,-0.2054570543190805,0.6370858888547155,3,24,0.99985933,1,0.014066696
47,0.9853673122417348,3,-0.5088987481110179,0.8986677015526638,0,21,0.9974982,1,0.25017858
24,0.4710654526938144,2,0.6246523604941232,0.4565088553415329,3,15,0.9993673,1,0.06327033
34,0.1821071388215832,3,-0.3143220703890985,0.1494362585182942,3,6,0.9998841,1,0.011587143
24,0.4847783671503461,0,-0.7770246243224361,0.9299355940740855,2,14,0.9985746,1,0.14253855
28,0.5124576558819216,2,0.1408189828072832,0.4587051156675382,2,29,0.9998698,1,0.013017654
17,0.7416869442286655,2,0.1631284088759774,0.1816314218788218,1,20,0.99836,1,0.16400218
45,0.6988458531609044,2,0.4293913504714683,0.3023957403039222,3,29,0.99980634,1,0.01936555
17,0.4025500435969805,5,-0.5195611335832289,0.0508025896889422,1,27,0.99981457,1,0.018543005
1,0.2180231074940865,2,-0.1124573218155098,0.4683005914563851,0,24,0.97469145,1,2.530855
53,0.6450541677693294,2,-0.4352641619146875,0.8531281719102366,0,19,0.9996338,1,0.036621094
34,0.4217039345532818,3,-0.8380925277686238,0.9335804560066894,1,25,0.9998709,1,0.012910366
15,0.1322762111253304,0,0.7532276540317833,0.9326022075036438,1,10,0.16450465,0,83.54954
40,0.9005723012363857,4,0.4577396089766823,0.1252300256287467,1,21,0.99933916,1,0.06608367
35,0.6912218576096544,3,-0.3970738810823986,0.382053882511057,0,20,0.99961096,1,0.03890395
32,0.6831838564454814,2,0.1987459857439726,0.0282287596507063,0,0,0.99566025,1,0.43397546
3,0.8225838759116739,3,-0.5974724237310551,0.8551653449714728,3,4,0.991625,1,0.8374989
32,0.5296616786550811,2,0.7804732435915418,0.3587557620212738,0,12,0.9987674,1,0.123262405
13,0.8150544284024571,3,-0.7701873132761794,0.6311170278922348,1,20,0.99892336,1,0.10766387
20,0.4980907535110057,1,-0.9923257089843982,0.7148984380772886,1,13,0.99935824,1,0.06417632
47,0.06717539991571,2,0.0040163954783642,0.4298446697431554,0,8,0.9994635,1,0.05365014
19,0.4052480880276887,2,0.1662556469057385,0.306442336550243,3,16,0.9997867,1,0.021332502
55,0.4974648939798906,2,0.1579306405916087,0.9622129101159448,0,14,0.99913883,1,0.08611679
7,0.7202025816322958,2,-0.8909761451243474,0.9644882250238542,1,20,0.9914408,1,0.8559227
6,0.1065787301286743,3,-0.371912386163135,0.2894363680300219,0,6,0.9888833,1,1.1116683
2,0.140018538660449,5,-0.0016021063173363,0.4796250967444581,0,26,0.9969502,1,0.3049791
16,0.2636838026346164,1,-0.5668416287455182,0.9728441586600224,0,21,0.9992449,1,0.075507164
32,0.2664983933708822,5,0.7452517709717927,0.0048684076555032,3,21,0.99976045,1,0.023955107
47,0.7321845784590624,3,-0.8257814210771319,0.4126782483791492,1,11,0.99975187,1,0.024813414
11,0.2507306605615977,3,-0.0252311166559142,0.1004575496809684,2,22,0.9997601,1,0.02399087
58,0.6330980633574476,2,0.3828321150263041,0.5091579655626026,1,5,0.99930716,1,0.06928444
50,0.4942738501382714,4,-0.4764977997310351,0.0246699545404871,0,20,0.9998498,1,0.0150203705
21,0.5732943781794007,3,0.2484814739950362,0.4068984313906278,2,15,0.99973935,1,0.026065111
54,0.8381069631782958,4,0.6587703002847491,0.2206990747853351,1,25,0.99959916,1,0.040084124
21,0.4043815015490243,1,-0.6193260498099049,0.5333083624587408,0,4,0.9939714,1,0.60285926
45,0.7709113770642705,4,0.8344411836497256,0.9959936491006997,0,8,0.9974763,1,0.25237203
29,0.4220360595506873,0,0.1071170653247159,0.8005361051267477,1,13,0.9954894,1,0.45105815
37,0.3538713765612494,1,-0.4015359913978789,0.8456420916244214,1,7,0.99911803,1,0.08819699
37,0.9586271773132206,6,-0.1382834492354585,0.6352649873590809,2,13,0.9992054,1,0.07945895
44,0.1843709206789632,1,-0.3756162324272241,0.0415598482722585,0,11,0.99944216,1,0.055783987
50,0.0903369605776078,3,0.4502223198666322,0.2067976760441441,1,9,0.9997987,1,0.020128489
53,0.7709859255354785,2,0.5926013268302643,0.925064556447055,0,29,0.9987967,1,0.12032986
7,0.0682497053540915,4,0.6658747846373221,0.3661131179287512,1,19,0.9975069,1,0.24930835
26,0.8370789907030294,2,0.9715364991714824,0.1036367264807955,2,19,0.9979305,1,0.20694733
26,0.4371933963572435,2,0.5825685849933671,0.702405365866202,1,25,0.9995926,1,0.040739775
33,0.915513677291914,2,0.2027681413771267,0.2994577239342546,0,20,0.9960802,1,0.39197803
20,0.7215328611219056,1,-0.3215594032164324,0.2688569129041717,1,12,0.9919517,1,0.8048296
29,0.6104046670079576,0,0.0891908974214987,0.9979774555582605,0,28,0.99757737,1,0.24226308
32,0.9493067970577656,4,-0.9178636544191892,0.8581389250266543,0,18,0.9988689,1,0.113111734
27,0.3966493730520543,5,0.4896501510598261,0.407937818367841,0,14,0.99854314,1,0.14568567
46,0.9540869365396332,1,-0.1080889098157964,0.9802612078164992,0,7,0.9779048,1,2.2095203
32,0.1350012774212069,7,-0.9599535405356248,0.6501132234192136,2,22,0.99992514,1,0.0074863434
4,0.4837549419324127,2,-0.8749861169791784,0.7420224518797602,3,20,0.9991284,1,0.08715987
59,0.2699112223921949,2,-0.2250670723564867,0.0315130430822115,0,9,0.99952495,1,0.047504902
47,0.5398427789081934,2,0.1668430380368701,0.1216052593480571,1,2,0.99922895,1,0.07710457
18,0.1620138778915846,2,-0.0715921020957466,0.6330851264962384,0,20,0.9995316,1,0.04683733
3,0.8415296603100434,3,0.2384086345843097,0.8990239826494839,1,2,0.10691367,0,89.30863
34,0.8464078493145573,2,-0.0394114824172884,0.6237437260875957,0,25,0.99901617,1,0.09838343
48,0.955236312723479,1,0.3234076909626935,0.1340248943189917,1,4,0.98967654,1,1.0323465
16,0.1546721408832362,0,-0.5617478706583983,0.1157600462463246,2,15,0.9984962,1,0.15038252
43,0.6233325509049907,0,-0.7743136256327572,0.8441858958240817,0,16,0.99926573,1,0.07342696
27,0.4742373087003696,1,0.1928679092513199,0.1393023387079143,1,5,0.99722916,1,0.2770841
29,0.3443837320442332,4,-0.030620966127385,0.5202319605040254,1,25,0.9998882,1,0.011181831
28,0.3515401611342188,4,-0.9462646919101294,0.0371133199623022,1,19,0.9998317,1,0.016832352
45,0.4127935506067522,4,-0.2390362290139283,0.0806697673911773,1,19,0.9998727,1,0.012731552
52,0.704925549688953,2,-0.787748829018009,0.6723482676428648,1,15,0.9998274,1,0.017261505
5,0.5982860582681546,3,0.0627136635053904,0.6891814104275167,0,23,0.97929114,1,2.070886
34,0.4596815127611311,1,-0.2084446406791384,0.3414694066084424,0,1,0.99794155,1,0.20584464
59,0.075933410369622,3,0.2263038222060358,0.2156097652430447,1,19,0.9998977,1,0.010228157
40,0.077765344078957,4,0.6112044375404766,0.813710270757308,1,14,0.99973637,1,0.026363134
36,0.0023393906257782,1,-0.4006626323170184,0.2171032294698903,2,17,0.9998393,1,0.016069412
23,0.9676993882070865,1,0.924204208330055,0.5420270696663797,0,0,0.0097555565,0,99.024445
28,0.0052538185583849,2,0.0712690011751489,0.9682088408629056,0,25,0.9995536,1,0.04463792
48,0.1030937460137448,2,0.2365815975095759,0.1478524378623837,1,28,0.9999021,1,0.009787083
45,0.3145965568094109,1,0.3613447464514741,0.9408762674947088,0,28,0.9993499,1,0.065010786
52,0.8074302518167612,4,0.3334630597151795,0.1828930530686686,1,18,0.99966896,1,0.03310442
30,0.9620987857641176,1,0.0219414860901241,0.5674432080232296,1,11,0.97339195,1,2.660805
34,0.7900135587918561,2,-0.142471417770633,0.3770077119587446,1,7,0.99915004,1,0.08499622
59,0.6905602324456406,3,-0.8924360716452442,0.964928601501826,2,5,0.9997644,1,0.023561716
32,0.5213006674135694,2,-0.9558283093976404,0.2735420290019369,0,11,0.99965596,1,0.0344038
51,0.0867052118621836,1,-0.2840776109344707,0.3996580020857536,1,6,0.9996666,1,0.03334284
20,0.9581707930039304,2,-0.3326782187326147,0.9828601178554204,3,17,0.9981243,1,0.18756986
31,0.7583924139456815,1,-0.2246096903219865,0.5364703911884732,0,21,0.999015,1,0.098502636
22,0.6389493853342618,4,-0.72326359822362,0.5026301156212535,2,13,0.9997273,1,0.027269125
32,0.7590358455388498,3,0.4763365410736873,0.2577784882039913,4,7,0.9996731,1,0.032687187
2,0.7241033292731386,0,0.7139288295524779,0.7013635603104414,0,23,0.010651309,0,98.93487
17,0.6372315797894869,3,0.87742927074807,0.0143729517777776,1,19,0.99547076,1,0.45292377
24,0.9805768001799882,2,-0.0152753929607483,0.0495126297022935,2,21,0.9935899,1,0.6410122
41,0.9033638126360248,2,0.4017313982508572,0.5993585871358027,1,13,0.9983119,1,0.16881227
30,0.6466649191171634,0,0.711102246871745,0.3416745738184541,0,4,0.9751081,0,2.4891913
53,0.6931752114569247,2,-0.1634177778130281,0.9533163722009604,2,8,0.9995933,1,0.04066825
57,0.05159580665871,2,-0.3811744102591112,0.9031906907227856,3,7,0.9998122,1,0.018781424
2,0.6699174645500392,2,0.8734491117069803,0.7137062586767072,3,1,0.70200866,0,29.799133
39,0.0441654377101001,3,0.0313531021541462,0.8181455811278013,2,27,0.99989915,1,0.010085106
45,0.588263756969931,2,-0.005492226818244,0.6673318496676933,0,15,0.99934894,1,0.06510615
23,0.9993534995658347,1,-0.6431678068730085,0.1255821027101606,0,12,0.95616907,1,4.383093
49,0.5558065814371796,1,-0.7836899708532865,0.7655433696892027,0,6,0.999065,1,0.093501806
31,0.4732101180813334,0,0.6842137249670233,0.2101919687188463,2,15,0.99852186,1,0.14781356
46,0.3128548565055875,2,0.2282663523750361,0.3234428551001967,0,6,0.9990771,1,0.09229183
21,0.1205225787864644,0,-0.3483508319611026,0.8192342121024202,1,26,0.9985159,1,0.1484096
22,0.7310236714582816,1,-0.616527565219467,0.5365256083934482,0,13,0.9961753,1,0.38247108
1,0.1925990277856304,1,0.1109945603392628,0.8599407141834092,0,13,0.15818067,0,84.18194
26,0.1152820212472843,0,0.1678385785222707,0.2130353198432641,1,11,0.9967991,1,0.32008886
41,0.4217626597305125,3,-0.5860127975098837,0.6077784386068872,1,0,0.9996232,1,0.037682056
1,0.7953418379590974,2,0.7028114957829479,0.0837909725482616,6,0,0.8859259,1,11.407412
25,0.7450645481202204,2,-0.8314712676882978,0.6430609935400297,0,11,0.99786925,1,0.21307468
16,0.0548826146464749,1,-0.2878138296671566,0.7625340377755347,0,19,0.9975631,1,0.24368763
39,0.4551436850361561,3,0.3607688275250442,0.5849308939787217,0,20,0.9998006,1,0.019937754
32,0.5224345760711689,3,-0.4517592723615986,0.2662315014988102,1,14,0.9998741,1,0.012588501
8,0.6445466506258222,2,0.6553503895625437,0.0313426688588667,2,3,0.34598634,0,65.40137
42,0.6501673504432282,1,0.479735653200807,0.1194488839642857,2,6,0.9989706,1,0.10293722
53,0.3646972494573058,4,0.5780456890962684,0.6223029790740262,1,15,0.99980885,1,0.01911521
47,0.560677194003514,3,-0.7617869282465675,0.9344202168425138,1,2,0.9995797,1,0.042027235
38,0.4810618838440864,2,-0.7189057440089142,0.2065344039720064,2,6,0.99985325,1,0.014674664
28,0.8849983565232811,5,-0.4270525245108327,0.7350261491050988,0,28,0.99845517,1,0.15448332
41,0.5302651326349002,1,0.0361543303951221,0.8664510632490415,2,23,0.9997917,1,0.020831823
54,0.4410321617481616,0,0.4960321533988048,0.5208821784475111,1,21,0.9991918,1,0.08081794
25,0.4044854496818507,1,0.673061781521807,0.6692657958436578,2,5,0.9929263,1,0.70737004
34,0.5724277594334657,4,0.4086706319143609,0.8150153166761481,0,15,0.99923515,1,0.07648468
49,0.8039769794008976,1,0.8571937630612767,0.2606751577405936,4,23,0.9991726,1,0.08273721
24,0.5384014903807876,0,0.4774870192318605,0.296895674268043,1,7,0.38954657,0,61.04534
23,0.6616551750805415,2,-0.3874642259907705,0.0006275166284561,1,22,0.99883837,1,0.11616349
12,0.737855766906525,1,-0.4698374313228548,0.9630941308978024,0,21,0.97721934,1,2.2780657
59,0.5201681098787319,3,0.3923849006021798,0.9175448945963448,1,5,0.9996537,1,0.0346303
57,0.4268170566548643,4,-0.6142588626207715,0.7645682637594303,0,9,0.99961674,1,0.038325787
6,0.8766653778624495,2,-0.8145703783794602,0.0790760209766481,1,15,0.9832335,1,1.6766489
56,0.4175060840278921,2,0.0644457497123878,0.4475028896995081,0,10,0.9993249,1,0.06750822
35,0.4619428505755876,3,0.6432831395579106,0.1018917539715528,0,12,0.99943,1,0.05699992
44,0.9903413133417772,1,-0.7972403150602729,0.0159202672627986,2,28,0.99689615,1,0.31038523
19,0.0002375235758845,1,0.5837826475914585,0.6161829652125973,2,5,0.9982963,1,0.17036796
0,0.1854729095767224,4,0.6231440087030962,0.9608294170801884,2,23,0.9979578,1,0.20421743
7,0.3839638899197257,1,-0.0354519998369129,0.90286802343215,0,0,0.0304419,0,96.95581
45,0.9325899094252528,1,-0.8853793799790264,0.6967548149354044,2,20,0.99939454,1,0.0605464
15,0.070029705747471,1,-0.6508202975056272,0.0966405841648714,1,18,0.9985857,1,0.1414299
13,0.009485433628498,3,0.4148525503238647,0.2741640376723001,2,11,0.9995815,1,0.04184842
11,0.0526838359772285,3,0.4235558899818989,0.3200567268852909,1,23,0.9996184,1,0.038158894
50,0.0885434106136181,3,0.7967105503353307,0.7631500577455612,0,26,0.999491,1,0.050902367
22,0.0375967732062608,1,0.1653722931091656,0.8022491792351141,2,5,0.9988091,1,0.11909008
14,0.4797813268565047,0,-0.7517852645724452,0.3851061229899204,1,29,0.9963199,1,0.368011
27,0.5807572072273277,1,-0.7571701889900557,0.4178839966176096,0,17,0.9992023,1,0.079768896
33,0.2716869710690041,2,0.4422647147136473,0.0445090392761713,1,12,0.99974424,1,0.025576353
1,0.3982873839756355,1,-0.6324306697841977,0.289136718418761,1,6,0.41247085,0,58.75292
31,0.0916993351114301,3,-0.3432290007667893,0.4512851771776399,1,22,0.9999211,1,0.007891655
22,0.336370463828422,3,-0.0255759861561721,0.1169830463852575,3,12,0.99979025,1,0.020974874
21,0.5225191916345231,3,-0.9504702448476976,0.4532674607550213,1,20,0.9998419,1,0.015807152
50,0.7322718071846451,2,-0.5023619459601363,0.8531758122578004,2,7,0.9998068,1,0.019317865
24,0.0033463620429792,2,-0.1842207829854398,0.5813210197250533,1,29,0.99984896,1,0.015103817
57,0.4673107665376526,1,-0.4407273630135875,0.0789298550384123,2,20,0.9998363,1,0.016367435
21,0.2970028764548822,4,-0.7272593450648683,0.1916713188302743,1,16,0.9998518,1,0.014817715
57,0.8528218216919013,2,0.4560245155923947,0.4745443501585562,0,8,0.9955384,1,0.44615865
57,0.7155533152342419,2,0.6262953103359699,0.361487149821812,2,19,0.9996505,1,0.034952164
21,0.5891085344708948,2,-0.4850420477125503,0.3587270195460987,1,12,0.99971575,1,0.028425455
48,0.2772656456967736,1,0.5488389892126067,0.5292674481435902,4,1,0.99960405,1,0.039595366
51,0.9103391020575344,1,-0.2288928711973723,0.5843959215894574,0,3,0.97615653,1,2.3843467
41,0.0451006772203231,0,0.0133715817080055,0.7968615702761911,1,29,0.9995333,1,0.046670437
5,0.1094675986791151,3,0.7120021497863056,0.3409665634624846,0,28,0.9948478,1,0.51522255
14,0.391630140540356,2,0.4999073636048157,0.8054662830405868,1,24,0.99391174,1,0.6088257
53,0.1244375572968563,2,0.6102337026323554,0.3386112291126325,5,1,0.99975246,1,0.024753809
42,0.956415697559425,2,-0.7263096668272864,0.0554329889412338,1,3,0.99843436,1,0.15656352
59,0.7979893221433834,2,-0.860561148332541,0.5541876510047912,2,17,0.9998869,1,0.011312962
36,0.2589826516018136,3,0.7868094581759741,0.5879023248948145,0,4,0.9992792,1,0.0720799
32,0.5885542289732454,2,-0.2243314608578113,0.93454024562186,1,18,0.9997482,1,0.025182962
7,0.9823305150800816,3,-0.4242406438606383,0.7260613260624744,2,9,0.99216837,1,0.7831633
52,0.8841989781315029,5,0.449392508523649,0.9177726524944396,1,17,0.9988367,1,0.116330385
59,0.600798446442198,1,0.6728311931597133,0.9083472102430096,1,29,0.9995734,1,0.042659044
43,0.9037239671752704,3,0.7249792437966018,0.6045741102582421,1,24,0.99889755,1,0.11024475
43,0.9891849098133588,1,-0.3680057177495452,0.5277620653364475,0,20,0.9796509,1,2.0349085
4,0.7433528228936241,2,0.704424782403348,0.5574409671635999,1,9,0.037933715,0,96.20663
38,0.064986409482894,0,-0.9181321112513092,0.9783308076772478,1,4,0.99897325,1,0.10267496
3,0.4015802364254874,1,-0.9006770170805622,0.7731676917469589,3,16,0.9890431,1,1.0956883
5,0.8378257352832454,1,0.2470383903483088,0.1062659047923958,1,21,0.13934508,0,86.0655
44,0.230569195805019,2,-0.8737872617689075,0.7784284067813999,0,12,0.9997087,1,0.02912879
31,0.8306425177506246,6,-0.3507816629796769,0.1705380488982258,3,22,0.99985826,1,0.0141739845
51,0.1203387620349959,1,0.345511972493848,0.4473505490056256,0,16,0.9995054,1,0.049459934
29,0.046945357147813,3,-0.3254662078915473,0.2104596721765342,0,8,0.99946696,1,0.053304434
46,0.3840906114912495,1,-0.6408004371198082,0.6895830655332298,2,23,0.9998708,1,0.012922287
34,0.0367319374266136,3,-0.4372987562923167,0.8773097361930356,1,11,0.99981743,1,0.018256903
54,0.9572702629833256,3,-0.0848493354991364,0.2903618853666809,1,13,0.9988507,1,0.114929676
39,0.8262056957939659,1,-0.0492282892890352,0.0820107412081876,3,13,0.99960667,1,0.039333105
51,0.8007696871298751,1,0.566000462694404,0.2984930980749632,0,7,0.9931967,1,0.6803274
15,0.6297779229961531,3,0.500306458863025,0.6723618579321944,0,22,0.924795,1,7.520503
12,0.2163240230365535,3,-0.0863643908877296,0.3287601275544499,1,4,0.9985802,1,0.14197826
49,0.5182603666763922,0,0.6913346981975428,0.2781121675538034,3,18,0.9988832,1,0.11168122
59,0.597274072430341,2,-0.7715257228172083,0.1844351905842649,0,27,0.9998221,1,0.017791986
41,0.5250315008602682,3,-0.489293299542197,0.4975164268744335,1,13,0.99989533,1,0.010466576
29,0.2602333679515273,4,0.655952927004503,0.2759488281571876,2,8,0.9997392,1,0.026077032
18,0.5152479243147259,2,-0.2440119227476938,0.7310103491394832,1,29,0.99970716,1,0.029283762
16,0.4911863408686265,2,0.9623631175876844,0.0766224019922027,0,6,0.94339913,0,5.6600866
55,0.9963357758067244,2,-0.0674934369443291,0.6640330331113176,4,26,0.9981937,1,0.18063188
18,0.8974361480462039,1,0.5838712459275281,0.2375600145677698,0,25,0.0954865,0,90.45135
27,0.4633807482156199,1,-0.1953859172352561,0.4892792610516031,0,25,0.9994635,1,0.05365014
57,0.6229373829351187,1,-0.1500929618751392,0.2860899220312606,1,7,0.99855727,1,0.14427304
54,0.7478716040922285,4,-0.234233705431633,0.7227686760107956,1,13,0.9997309,1,0.026911497
25,0.0348651602338249,4,0.4381512410216235,0.9453070402516368,2,21,0.99968624,1,0.031375885
36,0.8949214412278399,2,0.0950357681199889,0.9170767794698133,0,27,0.99832827,1,0.16717315
25,0.8601268164179238,0,0.8875562227367382,0.5834262151440911,2,13,0.27460766,0,72.53923
52,0.4574320977737073,4,-0.4982193669317905,0.4626103032569784,1,10,0.9998559,1,0.014412403
22,0.3911697660803798,2,-0.7988745358331113,0.8183005094393818,2,13,0.99977916,1,0.02208352
8,0.2729593748563149,7,-0.2134770298015695,0.6833263626277299,2,20,0.9995691,1,0.043088198
11,0.4766768283303684,2,0.2334254152935519,0.1835641142169328,0,7,0.7416613,0,25.83387
52,0.0443766635332367,5,0.72159787383099,0.8209192136130002,1,2,0.9994288,1,0.05711913
0,0.8521935333470078,2,-0.3076062266393446,0.4288843893947102,0,27,0.10361768,0,89.63823
57,0.035422368418545,2,0.3075735022489232,0.1889856599711751,2,28,0.99991417,1,0.008583069
57,0.329051365369871,3,-0.2996026379535619,0.2817973503964924,0,28,0.99987113,1,0.012886524
0,0.93158948831899,2,0.2344391659889162,0.2675270302483423,0,22,0.030136233,0,96.986374
46,0.7352126545234527,1,0.7696158940613018,0.5192069746034601,1,17,0.9984402,1,0.1559794
33,0.2813909605775267,0,-0.537284715481182,0.2343700906778755,0,2,0.9978898,1,0.21101832
31,0.2526490939608851,1,-0.1915167157859216,0.1235664874015761,0,12,0.99955577,1,0.04442334
53,0.0050821398180259,5,0.9865303928594932,0.1236908506137607,1,11,0.9997383,1,0.0261724
47,0.6957142928497502,3,0.7371140564989216,0.5832761971390966,1,14,0.99940467,1,0.05953312
24,0.048783581673173,1,0.1292797157924039,0.7347592888493786,0,17,0.9954478,1,0.45521855
39,0.5326025194007621,3,0.0332551837085506,0.3215330088383408,1,4,0.99975175,1,0.024825335
44,0.9621219725920498,1,-0.430799235390638,0.034650709814017,1,6,0.9958162,1,0.41838288
52,0.1094688600544538,2,0.0344188553870588,0.1272248869370107,1,10,0.9998229,1,0.01770854
0,0.8944799309680674,4,0.6963629965598943,0.9146945603370572,0,25,0.07627565,0,92.37244
15,0.9914753351450482,0,0.3703490265555611,0.493543659589453,2,26,0.7151885,1,28.48115
38,0.061517026239235,0,-0.4199119436440268,0.4535728096151747,1,10,0.99917716,1,0.08228421
4,0.8829062691374613,3,-0.5970721578929341,0.0380491783100909,2,26,0.9960538,1,0.3946185
21,0.5160790204436166,3,-0.4695829260063417,0.7286370223168991,2,14,0.99980456,1,0.019544363
28,0.90651371944458,2,-0.660481597214347,0.5280680809320789,2,9,0.99905056,1,0.09494424
54,0.5713189419195741,2,-0.8087186079525681,0.2020809360865207,2,14,0.9999018,1,0.009822845
2,0.6621120101065646,1,-0.16172765111589,0.1100737601810571,1,12,0.008580049,0,99.142
11,0.5437789079973993,4,-0.7734007912034646,0.3833878636319985,2,13,0.99967754,1,0.032246113
25,0.8644928803073485,2,-0.6561748845457913,0.8371619641950256,1,16,0.9990766,1,0.092339516
15,0.7339099189537017,3,0.0946493686789722,0.8652945592010245,0,12,0.9798726,1,2.0127416
50,0.5212603121804149,5,-0.6708014526008506,0.6028463803956364,1,9,0.9998504,1,0.014960766
36,0.8681608040515469,1,-0.8722404651381943,0.7275364272301427,1,24,0.99919933,1,0.08006692
21,0.2452855322553345,3,-0.3652222999442296,0.1151557874028703,2,0,0.99955195,1,0.04480481
56,0.1573406597025259,4,-0.559361802756065,0.5881260654678548,3,0,0.99977976,1,0.022023916
28,0.1604001053300721,3,0.0306103759887534,0.6669657034871818,0,29,0.9998423,1,0.015771389
13,0.3340088787452379,2,-0.7952658308335814,0.2007128429137922,0,14,0.9989328,1,0.10672212
27,0.2386900313010175,6,0.5035415753659562,0.8801547329102589,4,15,0.999554,1,0.044602156
4,0.9300903505097388,1,0.8124670388702773,0.1949967375210197,3,11,0.09676381,0,90.32362
46,0.105834093828584,1,0.4868703479123888,0.3134773598464504,2,25,0.99975663,1,0.024336576
48,0.6989907380395877,5,0.0656540748027885,0.6205568470234586,1,23,0.9997352,1,0.026482344
29,0.1892215397850059,1,0.7213356435777702,0.6383500651307308,2,5,0.99904066,1,0.095933676
45,0.8816371327703502,3,0.389836759563015,0.6993847409873672,2,5,0.9993414,1,0.06585717
51,0.9613152881849074,0,-0.9788977550996204,0.1120117130682056,0,11,0.9890338,1,1.0966182
4,0.4654700087699835,9,-0.2118196944509938,0.8494644299285553,1,24,0.992648,1,0.73519945
11,0.8790714802281316,2,0.7019037988136001,0.5328471322832599,0,14,0.02478663,0,97.52133
15,0.0051451707547147,4,-0.3082822840494614,0.4713217941050683,1,3,0.99832696,1,0.16730428
25,0.8199469174081001,0,-0.929569652948953,0.9810976245135096,1,23,0.9963709,1,0.36290884
25,0.2286251615249235,0,0.4923592771045446,0.7403782969410198,1,3,0.9510036,1,4.899639
47,0.908701309269368,1,0.6040765405657371,0.1180060266193748,3,29,0.9989556,1,0.10443926
20,0.0011201114801094,0,-0.6788126099133829,0.7565391672262407,0,1,0.9873652,1,1.2634814
38,0.556181735039757,3,0.0746809936863623,0.0952489339728694,2,26,0.9998852,1,0.011479855
35,0.7566358037849347,1,-0.6160891220085485,0.0274705625129848,0,23,0.99945456,1,0.05454421
32,0.258688330697908,3,0.4384688380882935,0.4036258952698971,1,11,0.9998024,1,0.01975894
29,0.193132864587293,0,-0.4568990896450287,0.9935781728192188,1,6,0.9973711,1,0.26289225
36,0.0840982244679846,3,-0.3675697548733398,0.1748839361948626,2,19,0.99992096,1,0.007903576
22,0.3264335765032929,3,0.6899417072802028,0.67264434352679,2,8,0.99901116,1,0.098884106
57,0.5598443123088295,3,-0.0473552955861913,0.1733960662061193,1,8,0.9997657,1,0.023430586
9,0.1158438567802576,3,0.3395089024364957,0.7247869749583861,1,7,0.9963547,1,0.3645301
53,0.3766953619867987,5,-0.1952538985550647,0.5053536682378261,0,13,0.9997954,1,0.020462275
4,0.0090724046527249,0,-0.4039862856124891,0.6799717100893763,1,0,0.32404757,0,67.595245
35,0.8186794204998418,2,0.2509561208493227,0.2028731759142346,1,22,0.99961674,1,0.038325787
33,0.1284487180931913,2,-0.6902848518423574,0.745628332520502,2,20,0.99991524,1,0.0084757805
51,0.2833429482655816,4,-0.254000328866274,0.9956190596227068,2,22,0.9998704,1,0.01295805
30,0.0184277187382174,0,-0.5819259252281554,0.6656505006259598,1,11,0.99930394,1,0.069606304
9,0.4322407838925123,3,0.391589933881491,0.4934799980728777,1,24,0.9990306,1,0.096940994
57,0.8401215027412188,1,0.8884176766922152,0.9231739886192648,1,1,0.9957094,1,0.42905807
18,0.3921512114451966,1,0.9910219360317328,0.0158518422318763,1,12,0.9635246,0,3.647542
57,0.1794973234238334,6,-0.0994463791168185,0.7299235192858211,1,29,0.9999081,1,0.009191036
31,0.7536988340505192,2,-0.494939220727111,0.8887465168138129,0,26,0.9997025,1,0.029748678
0,0.7888069818707443,1,-0.1143412592313517,0.0616745836209574,2,3,0.08133715,0,91.86629
55,0.1737534753075668,2,0.6945388199254476,0.4500641704157582,1,19,0.9998313,1,0.016868114
4,0.7708541085409898,2,-0.5879886428959202,0.2047194539499989,1,17,0.9647169,1,3.5283089
44,0.947297888256338,2,0.9041913033058476,0.5665181655878301,2,18,0.99826366,1,0.17363429
3,0.1663775869322723,3,-0.316268462403698,0.6495429586036605,1,15,0.9949426,1,0.50573945
15,0.7709842925321355,2,0.9716073189006098,0.302623182928755,1,26,0.968093,1,3.1907022
23,0.7085720046026294,1,0.6772177750679245,0.4599816696781008,1,13,0.9165069,1,8.349312
15,0.4735738884350885,5,0.6171410682947807,0.2793394852765595,2,29,0.9990478,1,0.09521842
54,0.0579204605587982,2,-0.3641906524534328,0.3693911644551138,1,28,0.99990547,1,0.009453297
1,0.074694417757854,3,-0.9824455761041412,0.1595399566884235,2,7,0.99767464,1,0.2325356
48,0.8524146591986477,2,-0.2357341823480243,0.8855594435856314,0,11,0.9984617,1,0.15382767
27,0.990148372750647,1,-0.3963812606746126,0.0100104105591364,0,8,0.26895183,0,73.10482
31,0.6760522571867544,1,-0.9252060191824054,0.8824091864437885,1,5,0.99942243,1,0.0577569
26,0.4459583070103214,3,0.0107305130118593,0.5716788783497385,1,25,0.9998734,1,0.012660027
19,0.6475736434019076,0,-0.1939373774345267,0.3316578441770175,2,17,0.99176675,1,0.8233249
23,0.5943958592285453,0,0.2691129354830495,0.7230571254603297,2,1,0.9898746,1,1.0125399
11,0.3836122604056218,1,0.2423726443881664,0.5077521518626643,0,22,0.94415325,0,5.584675
49,0.0656261445740129,2,-0.7585067282066398,0.4991086581076065,2,7,0.9998729,1,0.01270771
34,0.821512947407441,2,0.9539310922532452,0.1101422829189664,1,23,0.9994241,1,0.057590008
59,0.3718335292387246,2,-0.6261371411171062,0.3895160259454087,1,13,0.9998807,1,0.01193285
32,0.8187856433570937,2,-0.1094519504705908,0.2410643458567366,1,5,0.99924266,1,0.07573366
32,0.2525087496883822,2,-0.0237649131325301,0.0156959055962796,1,9,0.99976546,1,0.023454428
50,0.0010294798456333,3,0.6261255944282402,0.3600996307821132,1,7,0.99978215,1,0.021785498
42,0.1589382832767565,2,-0.8015408078107065,0.0898221294256047,1,29,0.9999001,1,0.009989738
36,0.4685394167685843,1,-0.1427114415829364,0.2568300377251852,1,16,0.99961203,1,0.038796663
11,0.94430363495783,2,0.2570043404724078,0.0925166211830944,1,24,0.96090704,1,3.9092958
2,0.1021936196937189,3,-0.5696887567518889,0.1009416255563988,0,28,0.9978896,1,0.21104217
0,0.854209774461566,1,0.2549357975321455,0.1990112944151882,1,11,0.0036918796,0,99.63081
32,0.5270240962118621,3,0.8473296750993053,0.9998492444864002,2,16,0.9995328,1,0.04671812
39,0.8259207657998966,1,0.99503626234535,0.0021841428572487,1,12,0.99764866,1,0.23513436
9,0.2983744309899926,0,-0.9350978464186486,0.6386726361204053,0,18,0.9918435,1,0.81564784
42,0.8399471646724719,3,-0.528823543510645,0.1412436980265573,2,11,0.99982506,1,0.017493963
43,0.7728227800168045,3,-0.3793857684166051,0.9206281367107758,0,15,0.9994242,1,0.057578087
28,0.2300536830314339,2,-0.2017477991100678,0.0936328933336292,0,24,0.9997557,1,0.024431944
12,0.131335126409378,1,-0.5154856848304652,0.9550631871262364,0,26,0.9982645,1,0.17355084
11,0.8680543225322929,3,-0.593024010889375,0.6109263874834779,1,4,0.9897497,1,1.025027
30,0.963236653440132,5,0.909107684835,0.0012680769154902,3,24,0.9973521,1,0.26478767
45,0.0313023137475162,4,0.8370432055410357,0.894007197916806,2,15,0.99966145,1,0.03385544
1,0.7312700669736856,0,-0.9060149979937652,0.5217118013669183,1,24,0.18128912,0,81.871086
50,0.9095245109478184,2,-0.3223739567903037,0.2626697353304845,1,5,0.99852717,1,0.14728308
49,0.8573600920924986,3,-0.1897028926431867,0.7672791775156301,2,10,0.9997303,1,0.026971102
34,0.9645204722702084,2,-0.5219709306681133,0.92666555388687,0,16,0.99811065,1,0.1889348
22,0.7600940784380972,4,0.257745793976351,0.4836908231467939,0,25,0.99709153,1,0.29084682
16,0.4422987623809102,4,0.2807614932884821,0.3155534744431109,1,22,0.99976724,1,0.023275614
25,0.3119519904951304,1,0.7010084566571941,0.7889451239349268,1,13,0.987997,1,1.2003005
7,0.3207427404381274,4,0.4817385367704356,0.6817854977884547,0,5,0.6771376,1,32.28624
28,0.724422672614117,0,0.0851466539319112,0.8887524837502724,1,24,0.99206686,1,0.793314
25,0.7458370120309643,1,0.3071735400888398,0.692514012761193,1,22,0.99226075,1,0.7739246
9,0.2003591435487126,2,-0.4520224369139638,0.2435283388995363,1,29,0.9997094,1,0.029057264
25,0.868122813490531,1,0.1861123799347153,0.931659249759019,0,27,0.92422396,1,7.5776043
33,0.7149240402022476,6,-0.0215454905001615,0.1048357472059913,2,10,0.9997235,1,0.027650595
50,0.5627502863433826,4,-0.7333110653672592,0.2679427501068478,1,11,0.9998636,1,0.013637543
40,0.4715324601025127,4,-0.5149114468340585,0.5201946077238856,0,12,0.99981886,1,0.018113852
6,0.5432328057899581,2,-0.4166130985568279,0.5657420260709014,0,3,0.11388479,0,88.61152
3,0.1592457382792644,2,0.8486191341051159,0.0153105866269054,5,6,0.9874979,1,1.2502074
57,0.2037012492762742,2,-0.5392267212282211,0.78057272582094,0,1,0.9992508,1,0.07491708
52,0.0911644904061916,5,-0.4215121943606637,0.3616073184253895,0,5,0.9996598,1,0.03402233
49,0.1536580381611126,2,-0.2612917398211354,0.4064185410021378,4,5,0.99988735,1,0.011265278
44,0.4536936346052826,3,0.327485477250774,0.8093695444369458,1,17,0.9997992,1,0.020080805
10,0.5303543937282561,3,-0.763523215055719,0.3792833917275445,2,29,0.99979144,1,0.020855665
28,0.0178618924783193,0,0.907890424987552,0.0472248764947548,2,19,0.9969318,1,0.30682087
55,0.7967978278640275,2,0.731142440189529,0.1764397704703503,0,7,0.99699795,1,0.30020475
35,0.2941679733434779,4,0.1544321460179003,0.9559031723881825,3,7,0.99977297,1,0.02270341
24,0.9118360349599112,2,0.3480757348499135,0.0704053624025141,0,28,0.98398525,1,1.6014755
20,0.9675112636137776,0,-0.966679057511568,0.3549312009680162,0,7,0.13358378,0,86.641624
56,0.1854588746766543,1,-0.3221104493031026,0.5031791670513446,0,7,0.99926955,1,0.07304549
35,0.4620972907656606,1,0.591320461322884,0.49328082733856,0,0,0.99561656,1,0.43834448
9,0.0012318351664258,1,-0.8450340524152282,0.0039599430121427,1,1,0.99441886,1,0.55811405
36,0.598327265122427,3,-0.4353723315785596,0.5011627314574904,1,11,0.99981683,1,0.018316507
8,0.6073064482626712,2,0.1705936566686225,0.3837724579774092,0,14,0.04010038,0,95.98996
23,0.2475399556033751,3,-0.4871739446021164,0.9720793354745572,3,3,0.99953103,1,0.046896935
34,0.5584126725831979,3,0.8679559482890384,0.1591590839938298,0,27,0.9994764,1,0.05236268
48,0.2255401424437354,2,-0.7378827383914193,0.354154196759495,1,24,0.99991834,1,0.008165836
34,0.16082546907819,1,0.5947887158155571,0.4194814850898197,1,2,0.9988882,1,0.111180544
47,0.6515194668022647,1,0.0158973838128164,0.3906935371009488,1,13,0.99871707,1,0.12829304
35,0.3259254639520749,5,0.500661551639912,0.6658308276518625,3,21,0.9998908,1,0.010919571
17,0.5902639388856225,1,-0.3785693433771051,0.2155128575477688,2,22,0.9993542,1,0.06458163
48,0.4332467489716556,2,0.0289792046240775,0.2210715528139918,0,7,0.9988488,1,0.11512041
38,0.984351407402904,2,0.7136706994463526,0.7292109485008531,2,12,0.99519217,1,0.480783
31,0.1495806426675657,0,-0.0662438017537911,0.5002905186781796,0,22,0.9995648,1,0.04351735
23,0.4645985966358101,0,-0.2805602761794608,0.4151556760573104,1,18,0.9936952,1,0.63048005
22,0.6804566263593252,3,0.0723107725054721,0.1692030516772518,1,21,0.99926084,1,0.07391572
31,0.3955450838799687,1,0.4347255060727337,0.1875272229121666,1,4,0.9989304,1,0.106960535
36,0.97469985187069,4,-0.1128733090029945,0.0105516368159005,1,12,0.9940428,1,0.5957186
11,0.7218876279269351,4,0.877753950284546,0.0914262688617092,2,27,0.9911576,1,0.88424087
48,0.6569838575644931,1,-0.4101083519153159,0.556838694690241,1,25,0.9996246,1,0.037539005
54,0.7570592676112233,5,-0.0490727876617591,0.8918731300084098,0,19,0.999471,1,0.052899122
12,0.952648638038717,1,0.5138553186828829,0.2871647651305574,1,0,0.012603295,0,98.73967
22,0.9078186529846402,0,0.3782421809915164,0.3277472258961281,1,15,0.08508898,0,91.491104
24,0.7242853081264119,2,0.7272821048343123,0.1156056106115122,0,29,0.9887687,1,1.1231303
34,0.7491616391012831,3,0.9936183613622178,0.3886309456071027,0,28,0.99849,1,0.1510024
40,0.1459220740351454,1,-0.1462833424098208,0.0372217045693291,1,22,0.9997913,1,0.020867586
29,0.1027924044926656,1,-0.7776982404333763,0.9176006962619002,1,23,0.99978405,1,0.021594763
16,0.5709045018441643,1,-0.939168238384064,0.6731113481245287,0,1,0.98322093,1,1.6779065
48,0.01836763694054,3,0.4537538122795432,0.9907488093932189,2,6,0.9996898,1,0.031018257
19,0.4823563815515915,2,0.7480273426174313,0.8828231626784937,1,5,0.9928625,1,0.71374774
47,0.2103495799188686,2,-0.5585748281111627,0.4729905936981526,4,4,0.99988496,1,0.011503696
24,0.3460165676448395,0,-0.6831039256201881,0.5196850311503769,2,28,0.9990127,1,0.09872913
21,0.7758047357929561,1,-0.875589816948618,0.1905760465171938,3,3,0.9985775,1,0.14225245
12,0.9412375042323864,1,0.6454058434344128,0.4620393428395556,2,1,0.18727195,0,81.272804
58,0.0724162721463415,5,-0.3772361202148313,0.9030278734928116,1,9,0.99979204,1,0.02079606
18,0.5342422059764451,4,-0.196606214480447,0.0508534236358211,1,21,0.99974626,1,0.025373697
48,0.8825334858196,2,0.0055003832192246,0.8635568029983097,3,4,0.99931085,1,0.06891489
35,0.0825085344404212,2,0.6789064684191015,0.3409478016426097,0,17,0.9993561,1,0.0643909
11,0.8245140468968338,0,0.3016664431229698,0.8995127650963098,0,9,0.008834005,0,99.1166
40,0.3578013509282713,0,0.2301292597156226,0.9408799063414848,1,22,0.9992471,1,0.07529259
18,0.3220947022193353,1,-0.6486558000881786,0.6708648870019059,1,21,0.999666,1,0.033402443
11,0.9774663863147858,2,0.0263797834196595,0.6644237865926779,1,27,0.9569994,1,4.300058
8,0.2008590898622941,3,0.4307620343573104,0.4527543377087401,1,14,0.99472517,1,0.5274832
6,0.6931939408226809,2,0.9465217660609836,0.8355402245437075,0,26,0.116586804,0,88.34132
27,0.8214407280098664,0,-0.5971873815732955,0.9616127584332832,0,8,0.9879495,1,1.205051
13,0.0411834952792716,1,-0.9809132938655468,0.7750818003391192,1,10,0.996637,1,0.33630133
30,0.6703854583544122,4,-0.8493971328030605,0.6219367337567092,0,25,0.999673,1,0.032699108
51,0.951549974355327,1,-0.2482950696360415,0.6067928958213368,0,20,0.9960491,1,0.3950894
18,0.1242199667280593,3,0.6410892954919742,0.8494699015836623,1,24,0.9994765,1,0.05235076
57,0.8962213026850383,0,-0.98571583646351,0.5412037657712984,0,24,0.9970758,1,0.2924204
46,0.5947766373769361,1,-0.0865388142283194,0.8038598862488227,0,28,0.9996371,1,0.036287308
15,0.616604581862474,3,-0.3415387693172109,0.5088852551742458,2,16,0.9988869,1,0.111311674
52,0.6129441748656059,2,-0.8950365798005449,0.0624442749739241,2,20,0.99983585,1,0.01641512
4,0.2988358863373138,3,-0.0995274266547654,0.3839470089041552,3,8,0.9983979,1,0.16021132
34,0.9352018152994596,1,-0.4905025853265623,0.4444409576714987,1,22,0.99880373,1,0.11962652
11,0.9473504626310388,1,-0.2962303313059871,0.1416172449866172,1,15,0.06635595,0,93.3644
24,0.6253046602139478,2,0.411230609568586,0.1024963291892128,0,5,0.9715898,1,2.8410196
51,0.7834227259416147,2,0.0431019678219342,0.5354649496569541,1,21,0.9996101,1,0.0389874
58,0.612257985881158,2,-0.7507051420143733,0.0851436365560821,1,10,0.9997367,1,0.026327372
20,0.4843984475740406,4,0.922829080847278,0.3029451678900839,0,22,0.9971365,1,0.28635263
35,0.6608201182992507,1,0.2718215314194767,0.744596975963076,2,16,0.99945885,1,0.054115057
52,0.5530014525919584,2,0.5317368513250631,0.9644321795679808,0,3,0.9962655,1,0.3734529
22,0.5974758626319301,2,-0.8415736999832584,0.7178705805519285,0,28,0.99961406,1,0.038594007
15,0.7838325534188619,2,-0.9058832410799622,0.9926255484528702,2,14,0.998912,1,0.10880232
56,0.4809038314489848,2,-0.9611038992638375,0.6983379712794027,3,0,0.9997416,1,0.025838614
38,0.0407541060924727,2,-0.6224119444531111,0.2937944706543275,0,21,0.999858,1,0.014197826
44,0.1639994809894972,2,-0.1711832045630097,0.6720525405053619,2,29,0.99992096,1,0.007903576
52,0.4386072164895384,1,0.8716522668056457,0.7021567651969038,1,28,0.9995778,1,0.04221797
41,0.7248265598740583,1,-0.0858806814684474,0.3717269846164606,1,19,0.99897194,1,0.10280609
57,0.5932786483101787,3,-0.4194897892549412,0.017713850609389,1,0,0.999342,1,0.06579757
38,0.6502941858734539,1,0.1238705070393266,0.703199784775487,4,8,0.9995999,1,0.040012598
13,0.4792789285762873,2,-0.7761308437304215,0.0217000952755416,1,11,0.999121,1,0.08789897
30,0.6157420219422428,3,0.2190117820099664,0.6311880780600712,0,3,0.9977538,1,0.2246201
57,0.3290174378146622,3,0.1368639086610066,0.163616488742555,0,27,0.99985874,1,0.014126301
4,0.470182592696665,5,0.5839860668114194,0.5656035277480433,0,21,0.9419338,1,5.8066187
34,0.7442790655949556,1,0.9733752232340482,0.5039130253806,1,12,0.9972499,1,0.27500987
22,0.8718327789731212,3,-0.4982530565677789,0.0135136423061825,1,6,0.99509984,1,0.49001575
28,0.4336553339563889,2,0.0193129016075213,0.3628658169951034,1,7,0.9990964,1,0.09036064
42,0.0436616577073611,3,0.8177308126380072,0.6010911673963028,1,27,0.99986446,1,0.013554096
10,0.1616725441468026,1,0.5703797688456826,0.8486065518987798,0,12,0.36274463,0,63.725536
17,0.0208611392915381,1,-0.0251873937983848,0.8886421138365173,2,10,0.99839395,1,0.16060472
46,0.6532630192373301,4,0.8907432992295556,0.4838499700332233,1,8,0.9990263,1,0.09737015
11,0.3323146253551089,0,-0.8855266129663812,0.7284224872994381,1,24,0.99757224,1,0.24277568
8,0.5424786357193675,4,0.861997239425168,0.3164545765334576,2,23,0.9963805,1,0.3619492
9,0.4932768467837995,2,-0.8989852152343869,0.3421864057586574,0,15,0.99643683,1,0.35631657
57,0.0815264895524267,1,0.0946094882293686,0.1944635191823137,1,9,0.9996635,1,0.033652782
43,0.4032613611238318,0,0.7808818960021715,0.5619481099932393,0,10,0.99582493,1,0.4175067
16,0.2205611249223232,3,-0.4745581128773943,0.3145641509273652,1,11,0.9997662,1,0.023382902
37,0.4183997886676527,1,-0.0555030021096829,0.084370896438505,1,27,0.9997415,1,0.025850534
6,0.2035782803422426,1,-0.3513422417260667,0.6850060866631787,1,13,0.9432182,1,5.6781826
45,0.8404524062769335,2,0.9042878341527028,0.7077532076053982,1,18,0.999236,1,0.07640123
12,0.1741933365782536,0,0.6472911895061817,0.3599924187790578,2,11,0.8682023,1,13.179768
39,0.9607805514869768,5,0.4180030226527591,0.0767233994560228,1,17,0.9985177,1,0.14823079
41,0.4159073661469408,3,0.1752539732302174,0.4262977174034259,1,20,0.9999019,1,0.0098109245
8,0.8462452920190493,0,0.6411835786482962,0.4423354580502154,0,16,0.0016596145,0,99.83404
49,0.6287648182059451,3,-0.2154659169529058,0.668670884897893,1,2,0.9993248,1,0.06752014
26,0.7353502986657526,1,-0.1048962897878762,0.3154163912586835,3,0,0.9988005,1,0.11994839
57,0.7677238880667803,0,0.4600034421617229,0.6825992797813054,0,28,0.99660695,1,0.3393054
1,0.5048448818930178,1,-0.2844904734125715,0.8714885417573883,3,18,0.81999534,1,18.000465
4,0.5433005233632884,1,-0.8721981159032524,0.2374860423621998,0,28,0.9765033,1,2.3496687
28,0.513995867808725,1,-0.8513307822278571,0.9789195561198998,0,3,0.997021,1,0.29789805
36,0.5880583780900792,0,-0.7692743973885923,0.3863681371368069,1,22,0.99960893,1,0.039106607
37,0.0293944457565072,1,0.7393626466873255,0.2672586851470617,0,27,0.9993813,1,0.06186962
18,0.3955151698490152,2,-0.0555471484875913,0.4215111825102905,0,15,0.9975804,1,0.2419591
7,0.6061887135611715,4,0.4257647386894729,0.0943974759038591,0,11,0.074123025,0,92.5877
47,0.5977235652558643,3,-0.2141813287902134,0.1257059065121156,2,20,0.99990344,1,0.009655952
44,0.7929560946056315,1,-0.482578105168731,0.4144340469683314,0,20,0.9995894,1,0.04106164
0,0.6550093388321085,3,-0.3056156648755761,0.7624445219391001,0,12,0.056103226,0,94.38968
21,0.9921333163406724,1,0.5883646906343671,0.9003122395744909,0,16,0.09270356,0,90.729645
51,0.283854528608645,2,0.2504322500628764,0.6648179907162709,0,7,0.999032,1,0.09679794
16,0.3591510296662314,2,0.8752795599158041,0.1052195552381697,1,12,0.996684,1,0.33159852
6,0.3838471518677963,2,0.3594095571536679,0.672019762180535,0,19,0.15432248,0,84.56775
24,0.4658128070202485,1,0.1403632635093878,0.6354279207029719,0,25,0.99733067,1,0.26693344
44,0.8359980637812094,0,0.2203920179716689,0.8057639182933313,2,4,0.99684393,1,0.3156066
3,0.2357920939592098,3,0.8847428789368292,0.8252486666521809,2,17,0.98304164,1,1.6958356
35,0.7760002070354295,1,0.5764018597334122,0.8682030757789789,1,14,0.998024,1,0.19760132
5,0.4053101830857434,0,-0.9519175252671244,0.4141315145790983,1,11,0.88748646,1,11.251354
59,0.6018553836620085,2,0.0682793922713944,0.6978643953521443,2,28,0.99989367,1,0.010633469
30,0.6325405332263061,0,0.3766768230931296,0.2682503589223107,6,16,0.99901354,1,0.09864569
18,0.3728486371889344,1,0.4973969568783101,0.9993362799835044,0,24,0.96008176,1,3.9918244
43,0.5126152052058052,2,-0.5737157613721267,0.1753342413768599,4,14,0.9999057,1,0.009429455
53,0.413031174647697,1,0.7343547089027045,0.0101144316608358,0,1,0.9956002,1,0.43997765
38,0.0691327861866194,5,0.9116862943503274,0.148808714518176,0,5,0.99933666,1,0.06633401
26,0.4371653888168265,3,-0.5265693883102605,0.7758722895441267,0,16,0.99965346,1,0.03465414
9,0.0973933925535521,1,0.7652309150344916,0.4467836765082115,0,15,0.714059,0,28.5941
25,0.4050207990803215,1,-0.8060424749678092,0.4475002478104283,3,16,0.99971145,1,0.028854609
18,0.5929183998317819,0,-0.8885863277695096,0.9550229196116684,0,24,0.9977818,1,0.22181869
38,0.5794148993435008,0,-0.7415523997945013,0.9196349080280742,0,19,0.9995622,1,0.04377961
2,0.6626212790083204,2,-0.884517841065928,0.3111947378040092,1,8,0.94914937,1,5.085063
44,0.0952615079546262,2,0.6900244743115518,0.2090581287808661,0,26,0.99961627,1,0.03837347
12,0.6521232455304379,4,-0.8818997110834561,0.8484822099337397,1,4,0.9973168,1,0.26832223
49,0.3121480566964471,0,-0.456671617272689,0.9060190710443632,1,22,0.9996136,1,0.03864169
27,0.3990459461371111,1,-0.7924873129282872,0.5415969227984869,0,0,0.99674416,1,0.3255844
57,0.8579862539227058,1,-0.4091559273724701,0.6294237111171005,0,5,0.9977029,1,0.22971034
19,0.0090304041295502,1,-0.818881064798159,0.2569142846922934,0,23,0.9994273,1,0.057268143
27,0.5884126333406055,2,0.336006501486028,0.8008026879785246,2,13,0.9996331,1,0.03669262
7,0.5987139801001076,0,-0.7333463673148497,0.6321224284490231,1,16,0.8631533,1,13.684672
40,0.396659776343562,1,0.7036918516777757,0.5035135112979966,1,24,0.999703,1,0.029700994
38,0.2370278571083361,0,0.634382101453282,0.0601085560783958,1,18,0.9989145,1,0.10855198
0,0.2346740382615511,3,-0.9726766290587812,0.9159349625111536,2,0,0.99134904,1,0.86509585
2,0.8837096696607526,2,0.7914527110302292,0.615451420384406,0,0,0.0029294132,0,99.70706
12,0.4420243737828575,1,-0.942111366513266,0.1926910946929679,1,12,0.99732274,1,0.26772618
27,0.3308893629891719,1,-0.5207084300848868,0.6063861169830528,0,13,0.99946946,1,0.053054094
56,0.448777573831403,2,-0.93522172444801,0.6774633542399734,0,26,0.99982363,1,0.017637014
59,0.6693904014593614,1,-0.328313025921368,0.5257703366832255,0,5,0.99685115,1,0.31488538
48,0.1457565682447517,0,0.0277330514265432,0.7181017379560225,0,26,0.99959546,1,0.040453672
24,0.4494338352137377,5,0.5932897380302762,0.5814539479286243,1,5,0.9979475,1,0.2052486
55,0.5878843711103869,4,-0.3240368990603277,0.9477695820321482,1,0,0.999453,1,0.054699183
32,0.9485833548514336,2,0.4109800493462334,0.0536970785993068,0,29,0.99776983,1,0.22301674
37,0.2525277820754192,0,-0.6249910857620393,0.1062457084695605,1,13,0.9994697,1,0.053030252
52,0.3592507479162455,3,0.5011969134882528,0.1736716369543398,2,2,0.9996712,1,0.032877922
5,0.3793585899224238,2,-0.5280067881815249,0.6901710706043321,2,22,0.999268,1,0.073200464
57,0.6055381576448828,6,-0.7129104881124642,0.6455958727498087,2,9,0.99979585,1,0.02041459
43,0.3567320530400016,3,-0.6291822992518914,0.892058860209694,0,18,0.9997807,1,0.021928549
44,0.5335119252996956,1,-0.6358737422362892,0.7328774528838984,0,18,0.9997135,1,0.028651953
31,0.7817903298450294,2,0.0257257587539823,0.5083554875645923,1,18,0.999483,1,0.05170107
44,0.7053855941122036,1,0.6895951623762921,0.9918317924636304,0,27,0.9981055,1,0.1894474
46,0.4463686465125855,3,-0.8407898460149887,0.2661079561692991,0,22,0.9998759,1,0.012409687
20,0.8642161776741689,0,0.4139126369868453,0.833191659785454,3,3,0.9397339,1,6.0266075
15,0.5581402495938629,4,0.3086929193057153,0.4267903721939193,3,19,0.99925584,1,0.0744164
53,0.5399058395022125,3,0.7450399036587247,0.6487351388757342,1,18,0.9997528,1,0.024718046
20,0.0341877659391581,1,-0.5117048789861856,0.727268470452434,0,9,0.99835384,1,0.16461611
10,0.9866929803571616,2,-0.0997802826299407,0.6337540871903363,2,26,0.9930147,1,0.6985307
59,0.1229708085296267,0,0.8516547488870347,0.1405073031085932,2,24,0.9990914,1,0.09086132
36,0.2311309124276466,6,0.3199869002706343,0.4429510107479327,0,1,0.99929893,1,0.07010698
35,0.0516968372415269,3,-0.2224631742768061,0.5614383779331243,1,3,0.99970716,1,0.029283762
34,0.6400029668369137,1,-0.7371752342894631,0.8490437591785968,0,23,0.9996853,1,0.031471252
18,0.22470117697268,0,-0.4750299841988179,0.4436457487985723,0,5,0.9823185,1,1.768148
19,0.1800104374727235,3,0.1624309549787665,0.9187473048042516,3,29,0.9997919,1,0.020807981
56,0.0885555842232413,0,0.4363358951210274,0.4403742230252107,3,6,0.9984659,1,0.15341043
17,0.1033089571240156,2,-0.751156226296213,0.5487798592630116,3,15,0.9998728,1,0.012719631
46,0.5846707004425887,2,0.199194520088108,0.796285682942801,0,28,0.99965084,1,0.0349164
40,0.6882078658665954,3,0.100702557677502,0.5830676844221436,0,6,0.99788314,1,0.2116859
48,0.397378988464401,2,0.027910893381416,0.9602180723828246,0,17,0.9992405,1,0.07594824
13,0.4798970815920732,2,0.3802462353640159,0.6603358305141276,0,19,0.95794636,1,4.205364
14,0.6859677359829841,2,0.6748991901669237,0.522709454067601,0,25,0.3203291,0,67.967094
30,0.0173797901854796,3,-0.3540206336462632,0.0235919677807958,0,25,0.9998503,1,0.014972687
0,0.3231306570702785,2,0.7780243802219189,0.4137328975803298,2,21,0.99533457,1,0.46654344
52,0.9730977480703464,1,-0.6787327747628986,0.2992484192601604,2,18,0.9965442,1,0.34558177
53,0.580112229695468,2,-0.6539522604976713,0.7481056678874892,1,8,0.9997578,1,0.024217367
53,0.2542245798974932,3,-0.4664558727521521,0.2082776751535457,0,28,0.9998803,1,0.011968613
2,0.5217300466362131,2,-0.7609382609058444,0.2052200872940718,1,19,0.9891305,1,1.0869503
15,0.3426534881209153,0,-0.5393615506342448,0.1895190432373767,1,9,0.9764355,1,2.3564517
22,0.5322449888262991,3,-0.7871764741943108,0.1256156131562359,0,12,0.99958855,1,0.041145086
56,0.1257415118066488,3,0.6435048339707807,0.3110070036708874,0,17,0.9996295,1,0.037050247
10,0.1327146538192773,2,-0.7220620162267508,0.8859221144434251,0,15,0.99814856,1,0.18514395
11,0.1435423620393928,1,0.4945951151197136,0.774928472305955,1,21,0.9684161,1,3.1583905
9,0.9398197919268416,6,-0.9041722641733324,0.7352512163067935,0,16,0.97344595,1,2.6554048
31,0.7328989183413418,6,0.8970406550278303,0.7973368056499627,0,21,0.9981639,1,0.18361211
15,0.1623818946623209,3,0.4223201750555323,0.2694178893295716,0,12,0.9960991,1,0.39008856
7,0.1883490837656014,3,-0.9864069028277764,0.8874416907524878,0,11,0.9953432,1,0.46567917
37,0.7308294748708763,2,0.527713000400428,0.1373033751416044,1,9,0.9991061,1,0.089389086
11,0.1561638447921739,0,0.0281638415323706,0.3363457267155819,2,0,0.9576206,1,4.237938
23,0.2345612933348286,1,0.5587303406702395,0.5867481189673429,2,29,0.99906355,1,0.09364486
27,0.963346832820399,1,0.0449936177811769,0.1029050883420006,2,7,0.9657999,1,3.4200072
52,0.2553065247284318,0,0.2820497152707093,0.7301301877764249,0,20,0.9994012,1,0.059878826
7,0.6616323503711468,4,0.5726633107900809,0.3872460482034749,2,21,0.9855121,1,1.4487922
57,0.9786312874005304,3,-0.1897838908242866,0.7844056656084001,2,17,0.99826837,1,0.17316341
27,0.3742967671397926,3,-0.9945837003590958,0.4928962855846027,0,1,0.9988851,1,0.11149049
35,0.0175159908620622,1,0.6998929918903769,0.1808745244253363,2,15,0.9996038,1,0.039619207
25,0.2441472904223742,2,-0.2382192747506748,0.7347618113553444,3,11,0.99982053,1,0.017946959
7,0.8308771913417055,2,-0.0079145479668338,0.2521439558389435,1,8,0.19840766,0,80.15923
57,0.8646088359550367,1,-0.9844667156920626,0.4908103012680428,1,2,0.9973258,1,0.2674222
59,0.7685193645237912,2,-0.015815979299804,0.0755332691569076,1,21,0.99964714,1,0.03528595
49,0.113109819076573,0,0.9729748031434592,0.6178666544120367,0,25,0.999022,1,0.0977993
27,0.7955103716964032,1,-0.4434646783624607,0.6658577662162772,1,20,0.9992669,1,0.07330775
27,0.9186777969935044,0,-0.2091634595152438,0.3786742099727835,0,29,0.9496874,1,5.0312576
36,0.6006095425462361,1,0.3743799929373532,0.954422780321074,0,27,0.99916744,1,0.08325577
40,0.9408753563380648,3,0.6295873350473173,0.8741689214820684,1,3,0.99640477,1,0.3595233
35,0.8268388837118774,2,-0.1652167519877994,0.7079409157399947,2,25,0.9997769,1,0.022310019
26,0.6669715169909073,3,-0.3806622591974149,0.7136520744937427,1,1,0.9978885,1,0.21114945
53,0.5771852367117482,2,0.8756515999701342,0.2524017149421512,2,7,0.99940515,1,0.059485435
16,0.3485736672419705,1,0.3542899333433384,0.656815231088449,2,9,0.99791044,1,0.208956
8,0.1592874452428051,3,-0.7619573910137178,0.1982062652355196,0,15,0.9987135,1,0.12865067
32,0.6049539226905408,1,-0.8621442437307028,0.1440032239198221,1,22,0.9996952,1,0.030481815
52,0.3181115536181195,2,-0.0329002984192619,0.9994678942025802,0,10,0.9988085,1,0.119149685
19,0.8664386675276454,3,-0.5598198679054551,0.6223759314731742,1,17,0.9987752,1,0.122481585
12,0.9933369373586284,2,-0.492030493247493,0.4309878726571905,0,21,0.98391044,1,1.6089559
27,0.7524277626155725,1,0.7553843576556964,0.2881645228839513,2,13,0.9934428,1,0.6557226
47,0.0904816952870507,4,-0.8208679513673787,0.6039204436622274,2,7,0.9998677,1,0.013232231
28,0.2886855955306381,1,0.4307282304577793,0.0495935082200861,0,22,0.99898857,1,0.10114312
12,0.1091096317657497,2,-0.4577154932388239,0.094680990504795,0,14,0.9979062,1,0.2093792
45,0.6505116477917158,0,0.5206564428082754,0.0328566977403963,1,16,0.9967745,1,0.32255054
34,0.7651908645557847,0,0.4448227689270891,0.4991698332626617,5,20,0.9979388,1,0.20611882
5,0.9256748308807118,1,-0.985216197111414,0.6006066291871826,0,17,0.19388829,0,80.61117
17,0.4381723464119876,3,0.0182708258431982,0.0624797613578208,1,5,0.99863064,1,0.13693571
50,0.9013756495884444,1,-0.7213610352439073,0.7212244674989166,1,22,0.9992949,1,0.070512295
4,0.8778911590413275,1,0.7324540611573536,0.2303950715145644,2,29,0.32739547,0,67.26045
46,0.3171957167653986,0,0.7431717657248131,0.6852014537698661,0,13,0.997171,1,0.28290153
24,0.868900625540571,2,-0.1633083850124839,0.9818971400352456,1,22,0.9926294,1,0.7370591
1,0.3756722518817265,1,-0.1112087630978388,0.6911058700538512,1,2,0.015896691,0,98.41033
9,0.2968692745602808,2,-0.3934341211909458,0.8831930529236085,1,6,0.9917359,1,0.82641244
55,0.6490746587943931,1,0.433212597920062,0.9481985067430674,0,14,0.99742246,1,0.25775433
29,0.328381227885081,1,-0.2826772739470817,0.4867510483523155,1,20,0.9997484,1,0.02515912
49,0.6302087483291442,4,-0.4644150509547324,0.7023249794197068,0,23,0.9997764,1,0.022357702
58,0.6098318054986945,2,-0.1355378809909835,0.8519692535558417,0,27,0.9995689,1,0.04311204
44,0.5634389273484588,0,-0.8170249632250826,0.3566089128743861,2,15,0.99966884,1,0.03311634
4,0.3804197042327977,1,0.4932064092884076,0.2613973165603949,1,15,0.02927924,0,97.072075
54,0.5484997216514768,2,-0.974807197456426,0.9465985727783388,1,7,0.9997106,1,0.028938055
55,0.5964854749854216,4,0.2889701230411878,0.726303500368818,1,6,0.9996648,1,0.033521652
32,0.5456868884954734,1,-0.6342709464902552,0.2196821333758263,1,5,0.9995535,1,0.04464984
53,0.4444194527512015,0,-0.5351919075711737,0.4490833926761134,0,1,0.9980045,1,0.19955039
0,0.0146670570462638,3,0.2712639972800799,0.7964517695378094,0,21,0.98556685,1,1.4433146
17,0.587061707701151,1,0.9858869315658144,0.5470629909184421,4,12,0.9880382,1,1.1961818
31,0.1684443851427196,5,0.5554349781451013,0.6499520981658891,1,11,0.9998072,1,0.019282103
46,0.6425759689471896,2,-0.548320735553216,0.7537682020450523,1,14,0.9998292,1,0.017082691
48,0.759344327922866,6,-0.6479504899177324,0.6220091888089806,3,26,0.9998909,1,0.01090765
10,0.5004453091307415,0,0.7324657405353407,0.5400793219221958,2,8,0.42060527,0,57.93947
20,0.5423636649797383,2,-0.1116321041569914,0.7496142843877734,0,1,0.98886245,1,1.1137545
25,0.9514785596659912,1,-0.7258943943436891,0.7275630354322007,2,16,0.9941081,1,0.5891919
24,0.8471673613725742,2,0.7244228466438762,0.6298724001831789,0,26,0.9814994,1,1.8500626
21,0.91423651595147,0,0.6321847058285228,0.3597894133819296,0,28,0.08874573,0,91.12543
58,0.8137662883195864,2,0.9678127277943273,0.4058120922002716,0,4,0.9952726,1,0.47274232
26,0.1089183418467314,2,0.8194873734253678,0.9704385488840974,3,10,0.9990121,1,0.09878874
48,0.1489918559701947,1,0.7035806773210833,0.1123859322915258,1,21,0.9997478,1,0.025218725
12,0.5266237972689596,3,-0.8948512043779937,0.2685049172528353,1,18,0.99969673,1,0.030326843
32,0.2460696587979982,1,-0.791169261003764,0.4924017592043357,0,23,0.9998399,1,0.016009808
33,0.4766954750411591,0,0.1379663886082456,0.8367296861437858,1,6,0.9952306,1,0.4769385
40,0.3943653238183502,1,0.0629584925636417,0.1636756637297278,0,1,0.9977429,1,0.22571087
34,0.5494142384304533,1,-0.084073571020929,0.2769546181246098,0,15,0.9988368,1,0.116318464
0,0.7468757161358227,2,-0.2064213491708315,0.0657982177952389,1,11,0.12856579,0,87.14342
20,0.7154909070992744,3,-0.1375790302713422,0.7059852660508185,1,22,0.9993413,1,0.06586909
47,0.5212341324853343,5,0.1385958682695904,0.2382094354756161,4,14,0.9998989,1,0.010108948
54,0.8223934188170581,1,-0.9958469647998376,0.3886747506709505,0,0,0.99788874,1,0.21112561
5,0.4308620915380333,2,-0.4785824517342956,0.4437014470296678,1,24,0.9963331,1,0.36668777
27,0.8967142898401224,3,0.0365594413774221,0.8913139356064557,0,12,0.98779964,1,1.2200356
16,0.0712802700551639,3,0.4444321973472924,0.4113302903312368,2,22,0.9998215,1,0.017851591
4,0.9546600300333076,3,-0.6516866152092073,0.145225019915249,3,5,0.98957413,1,1.0425866
30,0.6546930814313482,0,0.0937623475748659,0.524314938340121,0,12,0.99256366,1,0.7436335
4,0.3800745089372053,3,0.4289193677715635,0.9629579946486296,0,17,0.13852729,0,86.14727
37,0.1971541265728773,3,-0.1107446841721906,0.607685641050811,3,2,0.9997923,1,0.020772219
2,0.4791832294435999,2,-0.945837732659898,0.9833872204605726,1,0,0.93946934,1,6.0530663
52,0.1945583231853009,4,-0.1014636830687265,0.8411073089388701,0,14,0.9997197,1,0.028032064
22,0.1663316077431421,2,-0.4071102245116937,0.0359657562134128,1,25,0.9997962,1,0.020378828
36,0.6173517574129742,1,0.8592992154026566,0.6583995953770418,0,12,0.99641365,1,0.3586352
52,0.5230847245817847,0,-0.7507732286433453,0.2867668775578836,0,4,0.9980509,1,0.19490719
36,0.6700960346109417,2,0.3049519110144643,0.5596168556447239,0,24,0.9985348,1,0.14652014
9,0.9296058774219892,0,-0.8945604673309977,0.2793451909312265,2,12,0.86194146,1,13.805855
9,0.5322602133390402,3,-0.107659124374607,0.3488704166052904,0,21,0.9979809,1,0.20191073
18,0.5809320532627977,1,0.1079589744401612,0.9231687117541794,1,4,0.956092,1,4.3908
16,0.0896263391549421,0,-0.4040901373662691,0.2066431848917053,1,27,0.9983968,1,0.16031861
20,0.7176357859086295,2,-0.0898487289592311,0.8741091180258305,2,18,0.9992887,1,0.07113218
13,0.3999052068041562,0,-0.6728924109396253,0.0304578080704968,1,20,0.99314207,1,0.68579316
8,0.9767252386625788,1,-0.3917523010639276,0.0908765383696483,1,23,0.116197266,0,88.38027
45,0.8231740155956603,1,0.242212649820406,0.8546750413842635,0,27,0.9991135,1,0.08864999
0,0.5224810405161183,2,-0.3963998882776898,0.6305560309091953,0,17,0.092437536,0,90.75625
50,0.123222654172166,1,0.7994861568177434,0.7472361380395502,4,20,0.999635,1,0.036501884
44,0.8594157932805891,0,0.2568139152819795,0.2094176708218542,2,21,0.9974233,1,0.25767088
12,0.7997810954240216,1,-0.122701963128031,0.5370834555901035,3,9,0.8778711,1,12.212891
3,0.184585129537033,0,-0.9224861288916352,0.7372192235713048,2,23,0.99325997,1,0.67400336
0,0.2952782892203101,2,-0.0009033295906575,0.6273141370102625,0,7,0.13139378,0,86.86062
48,0.7934072581478373,2,0.5295524842501784,0.4716987668912095,0,14,0.9975479,1,0.24520755
39,0.1852284465474096,1,-0.4688848039751727,0.9597837864377148,2,20,0.99983597,1,0.016403198
31,0.9177524891713772,2,0.6135471392975347,0.6761573334534453,0,24,0.99392056,1,0.60794353
