last_login_days,usage_score,tickets_last_30d,avg_ticket_sentiment,email_open_rate,feature_drop_count,payment_delay_days,churned
81,0.1424478871382786,4,0.9085893593040579,0.1091254743237784,2,21,1
360,0.729292031545727,3,0.8864307352523804,0.7109530589641984,2,25,0
3,0.9899983185318838,0,0.9749556317464665,0.3275408923906542,0,26,0
54,0.6478479814448944,1,-0.7369709125317923,0.08797022738959759,1,25,1
136,0.09219502104322985,5,-0.027858216969975036,0.6019400685476258,1,14,0
1,0.8904746597482884,6,-0.04584013530211917,0.6605287814072388,1,23,0
138,0.8287962618756434,1,-0.1788620917039898,0.7290302531826619,1,19,0
334,0.11032173482545649,4,0.1771792221308286,0.9263114823016554,0,10,1
210,0.7354389879158804,5,-0.0670460758246958,0.1106751489189709,3,5,1
2,0.23502297346049017,3,0.23705717762577416,0.37484537906733684,1,26,0
18,0.08809314357076314,4,0.7847113154780598,0.5301589351407543,4,29,0
131,0.4946014584742957,5,0.9148984721333895,0.38951187423248024,3,26,1
251,0.2535838032658225,4,0.4542381078333564,0.15986251416880304,4,24,1
41,0.3432939531927889,4,0.494301336509692,0.7488041959268013,2,15,0
267,0.19961227132720039,4,0.9094447699810639,0.522419492104658,0,19,1
198,0.5537580511991557,4,0.7229462017968364,0.550273557152181,4,21,0
344,0.7010413390234161,4,0.3716507406994545,0.6289007508156211,3,5,1
75,0.7437838826985886,4,-0.531109778986222,0.39636349043552366,3,21,1
364,0.4332484465249612,2,-0.9356342243283469,0.7034515361309497,2,20,1
228,0.9402592208887602,5,0.6525302769788461,0.3729277639594165,1,22,0
77,0.6798237153934348,2,0.6672784831897369,0.930639882430297,3,12,1
93,0.4202395494025677,8,-0.8788854667174584,0.6875756345611611,1,28,0
292,0.11674250966418076,2,0.6149007781516711,0.9980952370016707,1,6,1
265,0.3507548499412648,3,0.0034241220742707856,0.17257079689088206,3,12,0
0,0.9555232840951134,2,-0.4313633139038031,0.36664850332991394,3,8,0
209,0.6879942918456656,4,-0.4429061834886776,0.6462622192881204,2,3,0
353,0.487853772748138,1,-0.5549580056124801,0.8565675198917104,1,15,1
134,0.615071425225823,2,-0.9123376613891834,0.680231209543161,0,3,1
50,0.18621529001027437,2,0.41781067416867423,0.3658182659779815,2,15,0
190,0.2411371866696277,5,0.21763600068770694,0.41913145510345573,0,1,1
71,0.2654895417487195,2,0.2636041993013982,0.9034038876852225,0,6,1
109,0.5394883818537008,6,-0.6785616380428814,0.9874561084663959,2,22,0
39,0.3583588466208065,2,0.21343785649558544,0.12500890572289314,2,20,0
35,0.35192899610555417,3,0.7881263609179903,0.5868038778196796,1,7,0
193,0.5451891513819883,3,-0.9625049779266242,0.14240406682147733,2,24,0
204,0.30253717425124804,4,0.22697141388142583,0.293203838431526,3,0,0
280,0.12094719542042764,0,-0.5649092507031093,0.13031281838830067,1,15,1
30,0.2497360760709303,1,-0.18216499129192765,0.48225913045943636,5,8,0
95,0.8878956725278259,2,0.32812211336452823,0.984298447514259,1,26,0
34,0.6638956860125945,0,-0.06488742030180572,0.8096367310408465,1,12,0
277,0.39361058362686285,3,-0.688819906142188,0.1053292696536029,1,28,0
62,0.8470376378211102,6,-0.21028327302543293,0.8914327167319198,3,16,0
42,0.549316918466777,5,0.6702354864399058,0.29726535007024824,2,15,0
145,0.3783513727315968,3,0.29303058602051424,0.3804769699206656,4,5,1
205,0.23933562097102257,0,0.7643151900175265,0.9484295476352677,0,13,0
70,0.625658178276873,6,0.2770445564779136,0.5883614532449498,1,27,0
293,0.3561026600274646,5,-0.29119802828773667,0.8449453146445588,3,7,1
319,0.9438487311430246,3,0.8317830946417182,0.4148701108489383,1,17,0
244,0.025139483336471313,4,-0.7639868446115161,0.7646338090557708,2,18,0
107,0.30602426660461013,4,-0.355590348012806,0.8145489038826512,1,24,1
303,0.7457042680487659,6,-0.3220141866684558,0.5061122685489499,1,11,0
86,0.3408304147741812,3,-0.022236004005075305,0.3150301877021844,1,14,0
54,0.34341276345865945,2,0.756713954825756,0.1616347912657653,5,0,1
31,0.5822958444429058,2,-0.857630495621075,0.048961839626465053,2,4,0
25,0.782821602264572,3,0.05813044029208081,0.19206096592724975,1,21,0
240,0.46996278357396915,4,-0.8959746575018723,0.38522071732750907,2,14,0
51,0.1816934075903951,3,-0.6596389583541549,0.026130118229831578,2,11,1
60,0.7999270684078468,5,-0.38999267355397893,0.7417929671205783,3,28,0
363,0.5683489745239813,2,0.5909955987254905,0.9032958088750604,0,11,1
280,0.8037260274308288,7,0.19035627774664543,0.30200414920307006,1,17,1
66,0.08552269447773009,1,0.512153302364196,0.08432435092156843,3,16,0
107,0.6843623035163909,6,0.5365241269393903,0.3769314327573693,4,25,1
88,0.9047622521752111,6,-0.8768896244742936,0.9324957078105989,0,1,0
130,0.8833262382911792,3,0.08090591794464252,0.8014000020171953,1,12,1
20,0.4978789386129343,4,0.8831896939021529,0.9810509046549303,2,8,0
88,0.039857035913590355,6,0.9819284106527431,0.5552978818152994,1,23,1
107,0.6577823449673316,3,0.3779940702626936,0.32331872798824357,2,4,1
158,0.761409696066793,1,-0.5963908189598186,0.47370680388060105,2,6,0
35,0.9362255117352088,0,0.8878010628357047,0.14440248115557097,5,24,0
331,0.759921597233052,2,-0.46665769683612224,0.33359369898986735,1,2,1
160,0.6217377701102854,5,0.11951420970785276,0.02140771716189316,4,11,0
329,0.6972809937313067,3,-0.1579307087898636,0.7244891801540757,2,7,1
219,0.4822004101901991,4,-0.9444283802312419,0.46293969691625425,5,29,1
319,0.3111820821618959,6,0.7551353270534511,0.2153383490869074,1,4,0
15,0.5785159820053927,4,-0.4670030849785787,0.5449298991186744,5,20,0
212,0.1660824981258362,4,-0.8233059193501544,0.691133976983391,2,26,1
309,0.5179866382506186,4,0.9616411527065558,0.736359039382464,1,22,0
98,0.0774727638440641,1,-0.362808064835936,0.4590199529249208,2,6,0
12,0.9686929039745449,2,0.7957592725756752,0.8028595468086044,1,12,0
296,0.2903202375342524,1,0.8854750781080745,0.005361567840075798,3,18,0
277,0.6692204925495331,2,0.9426127710592764,0.9568039248181921,1,23,0
312,0.2084289395701835,3,0.16777518854008222,0.021478149710055572,4,22,1
328,0.7006494397185626,4,0.5786315234274821,0.7121874797153673,0,11,1
322,0.792820811972156,3,0.1623592769362916,0.4180376583472306,2,1,0
3,0.24134065859893294,0,0.6502780965442838,0.6650279096088921,2,8,1
182,0.09825633896452368,3,0.5999322640314808,0.11845002000627225,3,3,1
126,0.9728441564198763,1,0.06446271840315543,0.18795294248004168,3,1,0
292,0.45355469992899855,3,-0.11148791975820505,0.9351267690514,1,25,0
299,0.14416059208306697,3,-0.27548290188252356,0.35820824178327537,3,6,1
51,0.12950729270810246,0,0.6758399955880481,0.20568953413785096,2,5,0
91,0.8804414868539946,7,-0.6684858864531986,0.1060576112565631,1,17,0
24,0.8058190405316921,2,-0.7202386919841863,0.9729305002344091,2,24,0
8,0.5137828635591168,2,-0.8242222141410416,0.987490783675855,1,2,1
208,0.3123696797871831,5,0.8640567131629424,0.18952327273502945,2,10,1
182,0.6443142002222876,3,-0.1689736480997619,0.9166322415912536,1,17,0
263,0.5301264678847691,4,-0.6561145755105773,0.7440777957519608,3,21,0
196,0.2557949974464564,5,-0.726394026001266,0.015205450269456855,4,26,1
321,0.46681941106682856,3,0.44118616620113116,0.27838259838710777,8,19,1
85,0.8448870397911822,5,0.5718942697923282,0.07264705222620371,2,10,0
258,0.9144746099368569,5,-0.3959130856484423,0.7546746422187893,1,0,0
57,0.0843884186699364,2,0.16810371698228344,0.6991336428334389,1,26,0
37,0.1714522669728895,6,-0.6948247235503839,0.7002836288153508,2,27,0
88,0.5214817295643543,4,0.4719016563917362,0.6315772235178265,1,1,0
204,0.845972432100801,3,-0.5355371970626226,0.3213799564948312,7,13,1
150,0.7547659835127691,2,0.016399259897711183,0.7768603365543673,2,9,0
191,0.8815469738047661,1,0.9177772710803929,0.5484585833507998,5,5,0
141,0.8604696625853543,4,0.9102280099491598,0.774925421074776,1,0,0
251,0.21018500308076238,4,0.25609426394426227,0.1802400081896971,1,18,0
106,0.839346992555591,2,0.9730686743055894,0.3538046902094678,3,25,0
116,0.525400583517281,1,-0.5676199092784977,0.07649470282916648,3,26,1
164,0.8880630789066534,3,0.13820913652289457,0.6309474086842359,1,25,0
335,0.7735658056803147,2,0.35970100193581733,0.5561211549794334,2,22,0
50,0.8304489156628283,1,0.5475915176106483,0.9468009110872342,3,28,0
28,0.27448482261134644,6,0.37513332186773907,0.7627476379489122,4,26,0
153,0.22962782321274633,4,-0.5984083653784589,0.3550345936978955,1,5,0
193,0.3878270216571398,2,0.36326252745924537,0.722578211257063,0,28,0
74,0.44190562489666274,4,0.11465471303978414,0.9744130220970751,2,3,0
50,0.6729031611607673,3,-0.38983376980761,0.37159200460064257,3,0,0
183,0.18780582307873916,4,0.8921420946533007,0.01610289902279083,4,9,0
65,0.9742655271096053,1,0.4129668587898332,0.03833614023195797,5,0,0
282,0.1552275134015707,2,-0.3414493564608978,0.5803005096131935,2,10,1
26,0.8471854073777968,5,-0.15881924948380277,0.8757286707289065,2,3,0
91,0.6153094303003133,5,-0.07261650158164601,0.2536324156208636,0,4,0
267,0.13201350218770203,6,0.5129952499773225,0.6294180164059869,1,14,0
84,0.5622603846843022,4,-0.23608152691702555,0.6469081392401406,2,5,0
17,0.33204825493580803,7,0.76622484416385,0.8409880261931032,1,13,0
113,0.5587758516057312,1,-0.485997020009139,0.17298666479218205,3,10,1
246,0.34749927308195727,3,-0.4131334157963704,0.16749042723556085,2,16,0
257,0.6854509475129285,0,-0.9812934018445176,0.3016272118166359,5,10,0
7,0.15659075277480905,1,-0.6761633800478677,0.9097853265574684,2,15,0
127,0.846005938558985,2,0.3218679838403786,0.2914863685545188,4,8,0
5,0.4653111202302874,5,0.956037202433276,0.7582978885674784,2,19,0
188,0.3110224309284766,5,-0.023391896176070848,0.6893805179839043,1,12,0
253,0.9426759306996046,6,0.8016402429963958,0.6173176043521102,1,17,1
274,0.0010414209247082695,3,0.9002909274224198,0.46529214819113984,2,19,0
75,0.0384965937505678,1,0.5108710628325863,0.9649816471989329,3,8,0
305,0.49364142761597507,4,0.4252267375790415,0.9628348290600182,4,13,1
352,0.05764416119946003,2,-0.19748076545290516,0.7521465028710123,1,13,1
253,0.8445573796835637,1,-0.7055353207864548,0.75533663504303,2,12,0
59,0.023596544216504367,3,-0.175825324241222,0.010830294079320013,2,9,0
230,0.32150456797408655,2,-0.6615012239372526,0.2159155733371526,4,5,0
261,0.19258836635713317,0,0.10872644721111735,0.16680837552858374,0,21,1
117,0.5437452558307738,6,0.22824504700965975,0.8198929927415313,4,18,0
229,0.1884134800189321,2,0.12102525667877684,0.7220698647794155,3,22,1
176,0.8009295228744072,2,0.5014597702039667,0.5002499565614285,3,4,0
182,0.07018853519114587,3,0.6749638083642251,0.2291845944246974,4,29,1
282,0.9582808839518575,4,0.9131695237276849,0.8705911596324681,1,14,0
323,0.8311295501924222,3,-0.5165866940725197,0.32505489658898046,2,29,1
78,0.9401012339439521,3,-0.0474880360358938,0.5497861770866725,2,26,0
131,0.6561147804265937,2,-0.9242824043944944,0.03255913098133645,2,18,0
264,0.6842148535998066,2,0.7823147871854983,0.16220821875992197,1,28,1
188,0.1667094411439467,4,-0.3292838095385753,0.09971937153260357,4,5,0
111,0.19525172759534515,4,0.6211556712606352,0.6840537731080242,2,12,0
169,0.11259446633300108,4,-0.3340353111018861,0.021638355007958077,2,4,0
40,0.10531787403676551,3,-0.23188324549583417,0.09601515397727522,2,18,0
41,0.8855971283741402,2,0.6220209671339199,0.7633474475129438,2,14,0
59,0.6895126880217306,1,-0.5809744333732452,0.38628562107279885,4,16,1
63,0.28432110334701977,4,-0.9107324598592015,0.9418450092911159,3,12,1
276,0.7730442064606783,4,0.8170347944345691,0.2837232075084224,0,1,1
215,0.3835508446536098,2,0.4575132518341234,0.26089099347692857,2,17,1
107,0.9048651785649838,3,-0.4023528967931105,0.2488099941390729,0,24,0
144,0.6331201237993331,2,0.4138298110880272,0.777385273504575,3,3,0
158,0.19388058242506956,5,0.7190389181663988,0.17407305064819312,2,8,1
127,0.24343396312139387,1,0.16660780982341095,0.34088085969018533,0,18,1
321,0.4695720125813878,4,-0.8723827637381671,0.7024418946629727,1,5,1
190,0.22795849255307943,1,-0.4165693034846094,0.45763424645909623,0,9,1
324,0.24562766289029137,4,-0.22495286418711657,0.5560407885680749,2,23,0
130,0.019720534121199673,6,0.6823284525239535,0.1401589053452872,0,13,1
43,0.30653962300589666,1,0.6147063032623987,0.514332004404781,3,19,0
14,0.8391625681943364,6,0.9946963668453364,0.026354923040831424,3,1,0
273,0.399093033520612,4,0.31985425038125403,0.8882370774633862,1,15,0
128,0.13954373735060233,3,-0.7909800758531818,0.7229984675232846,3,0,1
348,0.9149728191201685,3,-0.1809369525894975,0.18512108164952323,2,7,0
232,0.2869368828661335,4,-0.20090507690641513,0.9265711800057931,0,19,0
283,0.49790324398954544,4,-0.32683347259596673,0.93268081280602,1,16,0
260,0.44430381538526076,6,0.17916308144646398,0.32697847889922194,4,9,1
100,0.3096695067403269,0,-0.09427860269444777,0.9776163183363197,0,28,1
205,0.49858920302541176,5,-0.15454192989742754,0.7692682603243552,3,14,1
124,0.16958693001299063,2,0.05513497898192443,0.642821434919676,5,8,0
339,0.41893566016803285,6,0.4115826230676498,0.35074478840519796,4,22,1
8,0.0634866078195282,5,0.1646481249511471,0.9722550249436808,3,18,0
194,0.26793814542672434,3,0.658212070247016,0.5462651539583905,6,28,0
186,0.9897923938867653,2,0.4444426923955338,0.004946028810719927,2,0,0
288,0.769512610681393,4,0.6461924988172167,0.9376330944073432,3,8,0
40,0.5598085092005736,0,0.6888776260454736,0.9316963772284905,3,14,0
209,0.8723343443540146,1,-0.13707532262725297,0.7917154862976536,1,20,1
269,0.44647002341484177,1,0.7990022814971276,0.9352079542550183,3,23,0
252,0.3054219636877967,4,-0.14677160508573284,0.5506734276232681,2,18,1
259,0.3268822788160607,5,-0.645405352036794,0.7105223102244914,3,9,1
176,0.08524601034498247,3,-0.8073690448542581,0.8316390595640425,2,14,1
140,0.9492316408123197,5,-0.792383291652641,0.8483842736976724,4,29,0
240,0.8614767470840085,4,-0.4995503756278368,0.7025418608750653,2,17,0
301,0.9703988573413946,2,-0.9436124808764561,0.2665306671140709,3,20,1
179,0.16372680275246532,2,0.11557316734003398,0.7876987163699478,3,15,1
65,0.6916482919600707,2,-0.006393104619613066,0.6459747299621789,3,22,0
30,0.38391216246711446,5,-0.335314178322454,0.894655318523231,5,2,0
74,0.5684291261647771,4,-0.35455478955191255,0.17752640708492595,2,26,0
341,0.9634826367413625,2,0.006222077278517535,0.18007369094713388,2,27,0
346,0.04086742110901276,4,-0.9542589287048848,0.04444417566165404,3,5,1
354,0.9496133021352037,5,0.8217396927038503,0.987538279058449,1,21,0
122,0.8467198296844105,5,0.3957158630045041,0.011276599350600325,0,22,0
241,0.6319936677434698,1,-0.5767891928960396,0.513035491177191,3,14,0
258,0.00349400083853757,2,-0.3130901638414929,0.5965401970506029,0,13,0
187,0.5218676552927728,3,-0.4295696858326279,0.6495275670825075,4,15,0
326,0.1360114909931438,3,-0.9351285814754529,0.7462891481138987,1,6,0
3,0.5600049939191019,2,-0.9918220015661086,0.1707618444061506,1,22,0
276,0.053672411862698555,3,-0.0881417823471915,0.9937412399258335,2,6,0
91,0.7999043430529539,1,0.8461194495449946,0.7278382129177479,1,19,0
298,0.7229239240608062,3,-0.9027522777892623,0.9196718586978231,0,24,0
226,0.5964563715774001,2,0.8840073596948768,0.8086242556866192,0,8,1
310,0.17153667097240022,3,0.8290255087560909,0.36446812299889386,0,9,0
15,0.7700404476997778,7,-0.3540458601973131,0.42752114588945167,1,1,0
290,0.09578472599504961,4,-0.17599655857910967,0.816601374441841,2,25,1
8,0.4890753613482409,3,-0.4951349340579343,0.14917936544791188,3,21,0
56,0.9541084089397999,4,-0.8460522502887553,0.697524276125532,1,13,0
49,0.9465617277136249,3,0.06365424294830624,0.8002985601840141,3,3,0
132,0.9172023413399358,5,0.5225250361092595,0.5885285840380667,3,10,0
124,0.932685617369358,3,0.8357168823411836,0.3644038585530789,0,28,0
89,0.3605618587654118,4,0.6886439825348742,0.38696548122108276,3,20,0
362,0.22524330905414958,1,-0.5576882648030612,0.5370739846025123,1,6,0
75,0.1955948169329712,2,-0.18809677542193093,0.11214028621065408,0,0,1
260,0.759347105657991,3,-0.41630701377473756,0.5103152317731404,3,15,0
9,0.4277938137525178,0,0.2164599894632384,0.16394531896706788,2,10,1
242,0.8405043347044665,5,-0.4898594759864403,0.31147632702753936,3,28,1
92,0.9302145301685916,3,-0.33894261910934165,0.038306127708102045,1,23,1
350,0.446455188226912,3,-0.5666531540014075,0.8500051426372409,2,12,1
100,0.6648720524966387,2,-0.4114923567962816,0.6139392479260257,2,8,0
241,0.04889215089211474,6,-0.3501944116655642,0.010465369562700277,0,13,1
317,0.7932090783010188,2,-0.9974245508866053,0.9162178305704405,2,3,1
218,0.8065145331777926,1,0.33671125876262864,0.15060284620235154,1,1,0
64,0.6487645591381781,2,-0.8914494159169408,0.6917928463401557,1,29,0
212,0.692301858819269,6,0.05528914367932036,0.7260517401290354,2,28,0
181,0.8132167966004509,3,0.5229381698694635,0.03209837665305193,4,16,0
162,0.9338901672281313,3,0.6969667651437172,0.9833458889307978,3,27,0
28,0.10076332501211716,5,-0.8608314895972009,0.29366146742860066,3,4,0
30,0.3977448659780861,4,0.41184339002528425,0.3652725971608941,2,12,0
171,0.3374698818985963,1,0.07484871241052704,0.9115320895445687,1,12,1
363,0.25171531495877,3,0.1579254414107103,0.8727949937015149,3,27,0
288,0.26924924139797823,2,0.18220383059669598,0.5598949949862163,7,25,1
345,0.2532069272420766,2,0.011373803283779349,0.5724655737626816,1,25,0
295,0.9652399203595204,3,0.6122599179765498,0.6610816343405863,7,18,0
258,0.2672126432050336,2,-0.03721785923890164,0.7494987208564177,1,1,0
144,0.4996139829108468,2,0.5340019925538548,0.7652229979348115,3,7,0
34,0.0598463066918935,4,-0.8494707581535397,0.04830371489115992,1,20,1
264,0.10732220334448928,5,0.361294526066676,0.4260760500055203,2,2,0
75,0.011053370150580277,3,0.9851588067198223,0.3718994470888769,5,18,0
337,0.6853640887166373,6,0.1576108806589911,0.525431768444065,1,29,1
35,0.1604397996489656,1,-0.0726858483633952,0.8190556389564886,0,26,0
48,0.610216188805454,4,-0.07637519492144107,0.8672983693170219,3,18,1
115,0.4481732399575219,4,0.9105544272317416,0.641129051919196,2,6,1
24,0.1743089323811745,1,-0.666844185876853,0.32657302118898346,1,8,0
193,0.2574230160150299,2,-0.05406556435633014,0.07774289424051162,2,15,0
183,0.12110452159052432,5,-0.4807714546967845,0.9950356969602372,1,14,0
193,0.6093143268956098,4,-0.15843939340579438,0.45729288495091514,2,19,0
254,0.01651803844888311,3,0.7893553763331338,0.8941044371263884,3,21,0
227,0.785067993311633,2,0.6745690992819393,0.30061919612302945,3,29,0
242,0.672159913497293,3,-0.775389939852734,0.7044887123130608,2,7,0
27,0.1426243908479119,2,0.5602823398143377,0.685966902805866,2,27,0
210,0.8209827738376858,2,0.9183352831334308,0.5856864399104371,3,15,0
99,0.5032809713475747,3,0.10353902925589886,0.9781628849152344,0,22,0
113,0.8251081421689141,2,-0.8961314505504829,0.25826880207446523,2,23,1
75,0.4201456417806323,3,-0.7169270639835528,0.09170705689402969,2,15,1
262,0.7976903009164819,0,0.786886668717774,0.5666478026234993,6,27,0
273,0.42968189056322004,2,0.27473988898695345,0.5197744980667139,1,13,0
349,0.42927486530059666,1,-0.8312417340452589,0.7408179896469719,1,14,1
150,0.9736131150252044,1,-0.8862398795397302,0.510820709086316,1,21,1
163,0.08338279465051823,5,-0.4152336998941195,0.33607066373301775,3,5,0
12,0.6970050316245872,2,0.362557988557501,0.5967441311361915,3,16,0
227,0.7015503392322066,0,0.7587273716969034,0.5725861494956588,1,28,0
107,0.684847927694542,6,-0.8573782295533321,0.2722665495001292,1,13,0
69,0.33178775847465247,2,-0.3629197133043105,0.13303248433634474,3,23,1
163,0.028785315292553237,2,-0.029380922454586234,0.6630415727570921,3,14,0
327,0.39514269715909456,1,0.5147520170899322,0.39012306476983394,2,8,0
330,0.7162088363815758,3,0.39733730762342456,0.11795036824845129,2,10,0
65,0.9706228290875324,3,0.4738341107171786,0.35406561354081534,0,17,0
53,0.7418446566079079,9,-0.49659477413157327,0.21868293082100676,2,14,0
149,0.4369369978042611,3,-0.35754658771991155,0.283223175551085,3,8,1
126,0.6861941873572168,5,0.5626760836356324,0.554933107740758,1,1,1
116,0.5826010514838129,2,-0.16289862106080077,0.5320635156216849,1,26,1
229,0.3987887770205685,3,0.16635626085058908,0.8296773102290474,5,19,0
173,0.7788420715529273,1,-0.3164184012900846,0.006764256851216288,1,26,0
142,0.92895395754849,4,-0.878932316638612,0.8657651155459851,1,16,1
166,0.09060008628099636,2,0.3917731092629835,0.5804145386227765,1,25,0
336,0.8323571630835642,3,0.632775302987495,0.6972436930467002,2,3,1
216,0.6208453986264909,3,-0.5588181887802428,0.24080345654125912,4,20,0
165,0.6490465368422594,1,0.6077532386483351,0.2771161163466356,2,11,0
201,0.7339740443815078,4,-0.9378797151532536,0.7079220886272661,2,26,1
15,0.25566492580527944,4,-0.5350358738317313,0.08311577082704891,1,22,1
70,0.40292767961735043,4,0.2193679363990957,0.6606947707679907,4,6,0
268,0.15375242844211467,4,0.932621200852011,0.40571074601068224,2,15,1
101,0.3881262261791476,3,0.5502308260477751,0.9996147852306186,1,7,1
363,0.2756564472950366,3,0.5920414117264821,0.627497290078163,3,26,1
286,0.39649249607015935,3,0.7286009038772951,0.42767789332214434,0,26,1
129,0.9644919454467642,3,0.8017227606377029,0.36644184655893586,3,10,0
270,0.95866582483419,1,0.37753632010012894,0.6128651027108103,1,18,0
28,0.5436425127335562,6,-0.11472254691465578,0.3663304795353709,4,29,0
82,0.20088830913479794,3,-0.13001997482409244,0.17362054655285863,5,11,0
198,0.32207738563656063,1,0.0992590189443554,0.7321854840749051,1,0,1
157,0.2386474995493314,3,0.2843127451546441,0.9778198841671969,3,20,0
193,0.6133642041207592,4,-0.09128290392175042,0.9609064625556959,1,21,0
108,0.9807562881715034,2,-0.9135568535959373,0.31866691921924784,4,7,0
89,0.9412201170367346,4,-0.46619889352437616,0.4951933669711859,0,21,0
316,0.2880413576940061,3,0.19938862481670716,0.662208923343825,1,14,1
184,0.6985637165227769,1,-0.8263859806797433,0.4131575328804493,1,8,0
294,0.6707146281822813,0,-0.10876402637847549,0.2254462517015745,2,2,1
119,0.41081857966589264,2,-0.21247955796415718,0.3793536624876599,2,24,0
81,0.06449028796516554,3,0.6004271851451943,0.9239194023239785,2,22,0
176,0.7733639691877374,2,-0.7792313155759631,0.37920500736407947,1,14,0
137,0.010815189869247344,3,-0.09274680616811803,0.05998440557431528,3,5,0
137,0.24857724342155185,2,0.07728945814512,0.34902811121611343,4,5,1
333,0.17081248582795827,5,0.2021623491221829,0.05147527304120958,1,17,1
56,0.5036123723548045,4,-0.6551029710987519,0.2913840509620461,2,13,1
204,0.12901222205015217,1,-0.38560442672930106,0.09103625469960308,4,15,0
243,0.7666109940097313,1,0.5719994485512385,0.6121354501377964,1,15,0
74,0.47335948875934886,4,0.22142992252426286,0.7406396270763475,0,23,0
182,0.4083437439963816,1,-0.8889000808502707,0.07374491487318635,2,4,1
260,0.48964052420748616,1,-0.8331840694139971,0.6549077959169224,3,4,0
153,0.8970160743776432,5,-0.7020572939345631,0.9253827050953498,4,5,0
121,0.4078379706758466,2,-0.505123134465475,0.8864105061053036,4,15,0
142,0.8290354403010036,3,0.15660333235294033,0.9087442619999101,0,23,0
236,0.9606904010755019,6,0.840894067996371,0.566487104896813,1,3,0
320,0.05032857245648281,3,-0.6516566415719154,0.7413463246690506,5,1,1
253,0.04752049460279506,5,-0.841470697894501,0.3021030536431585,1,17,1
5,0.9569929766056173,3,-0.5723810174403714,0.16786905056973533,1,18,0
132,0.834513836375564,1,0.32197784255534834,0.4796671755267379,2,27,0
204,0.21296610156670093,4,-0.44203347841576557,0.644826082219888,2,7,0
5,0.18149558659228882,5,-0.5483400739040329,0.4924625448315175,3,18,1
48,0.28148372624620277,2,0.18796043599132806,0.6165434269608533,4,7,0
291,0.971093897484585,4,0.4140365983358081,0.8107448441872236,2,27,0
76,0.9532958935589134,0,-0.3659356480786622,0.591828632768754,1,1,1
111,0.24206878840734125,2,-0.23847314686716548,0.7657366162935193,5,20,0
363,0.4300734643508939,4,0.7278614838412962,0.7020939122806319,0,15,1
239,0.20646869170761173,1,-0.4897753635004227,0.8376641765773888,0,6,1
142,0.12054495060879078,3,-0.1779114411938505,0.9338234145278959,1,19,1
361,0.3266616720637394,7,0.1336889256470375,0.5352029149362317,4,2,1
165,0.3031819975776687,3,-0.8338194549397193,0.9097539080381907,1,28,0
295,0.3443606903782097,2,-0.9704542918288761,0.8702496507097706,5,24,0
166,0.9735531436005957,6,-0.6297765443447967,0.6307575820493989,1,13,1
106,0.7709424020709001,1,-0.6323375953940509,0.14016596777866897,5,0,0
12,0.39349910939136956,4,0.10481561804483919,0.28980235241492125,1,10,0
70,0.6997574112525408,3,-0.4802070616285834,0.9738494125430285,0,11,0
117,0.36548659976895137,3,0.954591511818152,0.9269544062409808,3,3,1
328,0.41640894368901127,4,-0.8422584662536929,0.928092868584992,5,9,1
179,0.36015824438997335,2,0.21811077289520697,0.0798818862935341,3,3,0
4,0.648513233762025,8,-0.999727707518985,0.23343599817782612,1,9,1
269,0.8099123557893926,6,0.5763875714897202,0.8631970633729358,1,17,0
291,0.7394649200245769,4,-0.11651937426951076,0.6567430619061164,3,24,0
220,0.9025312547694684,3,0.6264207589567752,0.060710428088168955,1,0,0
98,0.11278410358243973,1,0.43568703132389763,0.5024019372401957,2,10,1
69,0.3253336733377341,1,0.5570532131511727,0.8547035848471185,3,18,0
73,0.9846110386806112,2,0.5892339220314962,0.8070273178158482,3,27,0
86,0.10938665497310174,0,0.7521130084351206,0.019007856648244004,0,8,1
225,0.6864528844086872,7,0.48831118226975145,0.909328180858126,1,1,1
236,0.3050481885865687,2,-0.08913288820688514,0.6416631839371392,2,17,1
147,0.9727331942194885,2,0.7571066222315312,0.31200710670483367,2,10,0
95,0.9215606751849904,5,0.8046587473142017,0.04469920915220271,1,27,0
34,0.48869268458129167,1,0.2202634371991763,0.7531974728864127,3,3,0
100,0.3696318570864341,0,0.6526781817739078,0.2154045772470652,2,10,0
22,0.10379889612133042,5,-0.40898934199426695,0.3826049263863285,0,11,0
258,0.13689552720136944,1,-0.02214523253191203,0.9216720639599507,3,15,0
236,0.3393445308739296,6,0.9818746536674359,0.06178781965189406,1,7,1
86,0.11128332668159457,4,0.49655068572535743,0.7276526893917876,0,23,1
93,0.20578006146674221,4,-0.4222746467624292,0.2991228285076847,4,5,0
75,0.18420659719177013,4,-0.40979646008581994,0.812179656588954,2,21,1
94,0.30574390032382615,3,0.8953007135059186,0.0830477434824819,1,7,0
337,0.14522398182525065,5,-0.9984418770458456,0.2912047317907982,4,29,1
156,0.7412789291880852,3,0.9568540397749443,0.5015572076617308,0,19,0
245,0.08400393045937837,1,-0.49415045016202663,0.7751359520597899,4,10,0
89,0.7619957381256283,5,-0.5434415786857381,0.3789509761304295,3,19,1
298,0.6727147468995456,4,-0.09947670355609683,0.33478996185462784,2,26,1
267,0.4847869739340418,2,0.1701525500228942,0.326786952835983,2,21,0
158,0.8484939793304205,2,-0.7378919468698113,0.002772745802686938,3,20,0
232,0.3236493824653621,4,0.48474526368956483,0.7107705037190503,1,17,1
278,0.26350608651924334,2,0.2715695904013893,0.5595612715918808,2,19,0
178,0.170379376631557,1,0.2813932353385411,0.18466725599046585,2,12,1
17,0.18248637621609864,4,0.540479451907147,0.7943783582968313,3,0,0
115,0.12392836976513577,0,0.08746519339656134,0.5808751260950282,2,1,1
180,0.7357470098455708,2,0.9263858856700264,0.26554990878438955,1,17,1
275,0.06309508524084162,3,-0.03138398831823763,0.8235454663970284,3,17,1
136,0.6827160415958361,2,-0.2645124600514288,0.029375560718023608,0,9,0
332,0.7024658776559782,3,0.6593461119503086,0.06492584840052784,2,22,0
61,0.31097279948307444,3,0.16303906649298416,0.07817189615824016,1,16,0
358,0.15055857352924307,3,0.9578354036594499,0.5055629193178952,2,9,1
351,0.657116961197327,4,0.171461182014081,0.6114638319988727,2,24,1
182,0.34692786486408445,3,0.5546398448582153,0.6841262678134273,2,5,1
189,0.21732648996110715,2,0.4259092440426111,0.16073806118057166,1,22,0
81,0.6445454570089373,5,0.5322660541028359,0.09146812255130132,1,5,0
178,0.6859749515900724,3,0.08161714340553994,0.2939285895066004,1,5,0
85,0.5335484111327883,4,-0.653589204491301,0.025966977135905345,4,24,0
10,0.1682555665275507,3,0.3945157996458819,0.4394538068160301,4,17,0
362,0.6897289992840739,4,0.1731371841583036,0.9864993146830346,1,25,0
52,0.058296139522061474,2,0.31059094532030995,0.5478920523782327,6,21,0
8,0.8088829156771439,3,0.7312372651407497,0.39721341507577645,5,15,0
2,0.4968333145425422,1,-0.17983441503579334,0.45671804032012386,2,0,0
285,0.6094207702485741,3,-0.18843174747455405,0.5772834331060355,4,28,1
257,0.9294417259585946,5,0.8209332246934558,0.31638427126149915,2,3,1
60,0.6328634898598773,7,0.15722121474636985,0.7051835383892933,2,2,0
75,0.5083682341361827,1,-0.015513778179960802,0.857739733933131,2,23,0
288,0.6035303144645882,2,0.0830443817896993,0.9183386207474956,2,22,0
197,0.5973747764573681,1,-0.5766378538865207,0.4422264313976455,2,20,0
156,0.32464862047385645,4,0.5315024975661049,0.37772648852617663,0,26,0
110,0.5980843650359391,2,0.5665720804233405,0.7097367984956975,0,21,0
78,0.9050955239896253,3,0.6207773667724852,0.3123521685307734,2,11,0
158,0.6652773143334078,1,-0.857997094645861,0.9492035933812509,4,20,0
257,0.7132362061939864,4,0.16422501981725612,0.6398498705208228,1,6,1
340,0.18562131533392823,4,0.04801286598452226,0.9604021961004143,1,10,1
237,0.24929460622277932,3,0.2889774860156096,0.6385153062513028,1,11,1
127,0.7699868204384249,2,0.4762815138416332,0.6541066594081181,1,5,0
111,0.24999531406796605,0,0.4335522451397116,0.9099557309005613,4,9,1
21,0.02115835390486165,3,-0.7764070107879666,0.13312048641677943,4,17,0
216,0.9293527545683058,3,-0.39965969960244685,0.3246318392747075,1,14,1
257,0.04807684079416197,2,-0.43645311793599695,0.011962415201006715,0,1,1
318,0.8131136567736563,0,0.46284528445886175,0.26025420649174713,1,9,1
31,0.09188622182183315,3,0.5910367743635339,0.22138472587674252,3,22,1
356,0.594951388516379,2,-0.2062654516090645,0.8011202781278881,3,15,1
268,0.02981799092500681,2,0.7151537492177167,0.4246304017928575,0,0,1
218,0.3134482148566252,3,-0.9035440844681606,0.30433506703489877,3,28,0
265,0.16887195304288916,2,0.8283767559844897,0.2277031554647082,1,18,1
98,0.9837314646353102,2,-0.5075149883030974,0.7394708693272517,1,23,0
41,0.8335417846877993,2,0.5655649912225589,0.5158833134474855,1,25,0
307,0.13550085437547943,6,0.42196278617961247,0.41939129308332024,1,19,1
26,0.06745608110450307,1,0.21783320402106687,0.6259087392933479,3,24,1
268,0.8854813402186535,7,-0.046039558784649603,0.25084277628282914,5,9,0
166,0.91446706011858,0,-0.4799021748525729,0.2251240139460171,2,1,1
346,0.4576062715527883,2,-0.7958033701296532,0.4856454465021013,3,6,1
310,0.5420727549664991,1,-0.02266699339925915,0.9718277063286833,1,29,1
261,0.049819093336232134,4,0.6034723662220833,0.15960948588685087,1,29,0
84,0.6854620816982002,4,-0.6962302631048427,0.8388248482450068,5,1,0
127,0.026493266743439103,4,0.5081428376573998,0.020467999295680994,4,20,0
48,0.686380902420409,4,0.07214316049569858,0.11951229838809618,3,0,1
0,0.5619549784470355,5,0.7944848222734886,0.9616854927638008,1,14,0
0,0.5892955312816124,1,-0.18283412783163944,0.9722585239917396,2,8,1
274,0.5331848991334001,3,-0.18645107221389678,0.04103995222508827,1,15,0
333,0.5295187227610103,0,-0.697175346982613,0.9168975716402243,3,21,0
53,0.9145143651738004,1,0.7192083834948491,0.057729010208149356,2,11,0
88,0.15215045021735096,2,0.8593628866391003,0.46359980781047716,0,23,1
43,0.7395617227848671,4,-0.13729414246233795,0.1321522854827022,1,0,0
183,0.7927446729270929,3,-0.6743678235039572,0.5360488881895404,0,1,1
34,0.29047708170467723,6,-0.22388740739850288,0.36003763149797785,2,16,0
239,0.19796727595338914,5,-0.8597170871999757,0.7825058404917028,2,21,1
164,0.1887185530618749,3,-0.961600616371779,0.3649468637355541,2,17,0
215,0.15702374093151517,3,-0.651718857795089,0.16880730472338412,0,2,1
166,0.5434428368488816,4,-0.1928359432265525,0.8528382095767626,0,24,1
286,0.7046407834617585,3,0.8673246276178621,0.37120983353253223,1,18,1
209,0.29736540282013924,3,0.1609177050676287,0.23591293114639056,1,23,0
65,0.6276057805726054,3,-0.7134495837256494,0.33850907027190724,1,11,0
312,0.5671744761386884,2,-0.7482338614623405,0.3264951544851501,1,26,1
11,0.0457910654749758,4,0.3396142760590981,0.8594403382422615,1,0,1
257,0.49038927561444356,2,-0.6571599672847395,0.5687579532052485,3,26,0
179,0.019758714950987355,1,0.2989390506930316,0.19358329380124029,1,23,0
90,0.11853217963886598,0,-0.7720380828177322,0.3815800831322882,2,17,1
291,0.09349052340892527,2,0.7194696650723942,0.2539163558827152,2,23,0
31,0.10440018532095663,2,0.44253942717343575,0.9279819759372427,2,2,1
151,0.8123518951911741,5,0.5015696603262956,0.4759647529173313,0,13,1
23,0.8764164161134682,2,0.5219716151347906,0.9797270490819139,3,10,0
51,0.031153988655792553,1,0.8644861577978935,0.5184726656335518,3,26,1
112,0.5193598201490779,3,0.030903127673110875,0.7172797517600211,2,23,1
100,0.6526533767280202,4,-0.1774446617167944,0.06111941657230269,3,20,0
313,0.08970108062033455,0,0.2497878280315602,0.6825970860196461,2,16,1
294,0.11722282145706686,3,-0.02459407399753566,0.981366766546224,3,8,0
106,0.8778347599316051,2,0.07383378224827353,0.6414328588206412,3,6,0
90,0.8629731892095333,5,-0.9987864153990076,0.17476912923400123,1,4,0
212,0.9209813566972521,6,0.18676790657411413,0.4502919184967853,1,29,1
275,0.6443118606176417,3,-0.7179753897932803,0.6525596540317012,4,13,1
348,0.8126075197650091,6,-0.18311209798399863,0.8270287717563668,4,17,0
252,0.1493062895108872,2,0.312032480414711,0.6937863483835498,2,4,1
243,0.6991219430404162,4,-0.3185737879300412,0.593254341510254,0,15,0
216,0.1738457744549603,3,0.08106435871751283,0.7374552947501204,3,8,0
245,0.2858978687187591,0,-0.3352266945347908,0.09224666644509372,2,21,0
206,0.7566833427121049,3,0.5556899428477622,0.9964817328335625,1,10,0
56,0.7767729166625286,4,-0.5859559450560958,0.4197276446261914,4,28,0
34,0.4408586620356265,1,0.6370409055454762,0.8320197080424256,3,2,0
201,0.9029850865457564,0,-0.4733286653184021,0.4063985522669029,1,12,0
355,0.6016761028953872,1,-0.015478281793649629,0.0620605470998663,2,17,0
111,0.5031857514874665,4,-0.018068662493399223,0.023799174263278933,3,15,1
232,0.844018082994432,2,-0.16433633635009826,0.6874595044951582,2,4,1
340,0.3165231797988055,2,0.8011511077833289,0.49607571056273214,3,20,1
311,0.0028774301248121192,3,0.48873737826413977,0.2891831307115833,0,7,1
332,0.9510358003627328,2,0.8128829630557743,0.15659108533248012,1,29,0
40,0.255938634555701,6,0.9256899049462852,0.8259847955643077,2,23,0
215,0.5594827797608759,2,0.6747747573428302,0.5772691554036256,2,0,0
34,0.37781572248106976,3,0.7410571673997985,0.3216190708981608,3,21,0
208,0.9503496401840684,6,-0.1285287780883677,0.369822073542613,0,2,0
155,0.9628600773395285,2,0.16818914434794108,0.6297375904803311,4,10,0
323,0.5383115908103501,3,0.1456287914914467,0.022270933815984217,2,12,1
269,0.7778422910104978,4,0.237237279195041,0.10941223201119665,1,25,0
339,0.06619514183109532,2,-0.557151027513316,0.17148309588137378,3,14,1
27,0.9209169176802035,5,0.35049836119320177,0.7940743202064827,2,13,0
243,0.8980342462759752,1,-0.26565399026388437,0.7187444308197853,3,5,0
233,0.15969295668318817,2,-0.6853367276759081,0.6608850904330537,2,16,1
1,0.4654470661764293,2,-0.24317030769236547,0.564972935586562,2,28,0
359,0.673089535317936,3,-0.4335400715430502,0.9466127840248746,2,8,0
341,0.46787700678989863,4,-0.3797127640808424,0.7442987483375353,1,7,1
54,0.9697826232689948,3,0.9800039563980463,0.5940899526333406,1,5,0
108,0.2214538356131005,5,0.0968624942774694,0.026214999759688107,2,4,0
290,0.48722025410491954,5,0.6563679112182881,0.33921194886325956,1,3,0
149,0.30317752638159334,2,0.8795193501493455,0.8847690411699265,4,13,1
246,0.18354150991144114,2,-0.3518941282557291,0.827000400719401,1,23,0
234,0.09803585634231093,4,0.6084490270165714,0.07522428715088614,3,16,1
73,0.9254051241630689,7,0.44961082497030525,0.6267941453397267,2,14,0
23,0.9046274348639725,5,0.09569014975706902,0.8996698591613941,1,27,0
102,0.81521743888333,2,-0.3673177414368427,0.9188563514058918,2,27,0
271,0.19519809844224867,1,0.3938994249263794,0.7129411466901161,0,22,1
118,0.8892712149676916,2,-0.6385801547951506,0.6804524044407484,0,5,0
82,0.9155480125290391,3,-0.7718099425028344,0.8719003637469994,3,0,0
242,0.9021125833970889,4,-0.7729890082880468,0.9633259211511451,2,20,0
210,0.1575870839950706,4,-0.04016258836383013,0.14793739922157323,3,7,0
203,0.5641430695728303,7,0.7170348338153125,0.08626603181977188,3,21,1
125,0.9946170016594309,2,0.19669046638372922,0.16565239262251963,1,22,0
7,0.6449049058471559,2,-0.3847372049964952,0.05292875137227493,2,0,0
164,0.7821551331205961,3,-0.1644689426632393,0.9466030976020108,1,19,0
198,0.3053069249460646,6,0.8481357576220279,0.3835692690618945,2,17,1
53,0.09961014038165783,1,0.17611365051050765,0.682109818303693,1,23,1
322,0.6076648519869876,3,0.6936266477686701,0.018331162592448713,1,22,1
92,0.19890443205166963,0,-0.8724452700604541,0.4047505397589558,2,6,0
326,0.2759614231435662,5,-0.4565997378068909,0.8998914160078569,4,22,1
26,0.9507908279043821,3,-0.7313675729519833,0.7611552164311706,1,25,0
34,0.4823123566500471,4,-0.46708927711263115,0.6847656857841953,3,21,0
171,0.057569599047691655,1,0.9372148284271786,0.7137038799484395,2,3,0
186,0.7320565375371271,1,0.3086736940418693,0.16927837747404528,0,9,1
12,0.9268642944964408,4,0.7447171573865172,0.4859808416825391,1,0,0
256,0.11576788275839212,6,0.19563811820336618,0.5730749655610343,4,15,1
9,0.3906883928388616,4,-0.950998180761194,0.41127704072394655,1,18,0
3,0.787355567740191,5,-0.27356224914565574,0.766492857694379,2,17,0
31,0.44894987917185936,5,0.004275808659564229,0.8246941182251439,4,1,1
268,0.09304962248117432,2,-0.13733914100280775,0.62084365308486,2,9,0
302,0.8395389289152995,4,0.19608011673132153,0.7153098512985193,0,17,1
30,0.2517414610730341,4,-0.41846939533462724,0.9489663891380397,2,14,0
90,0.5454525870781769,1,-0.29664610872648733,0.5700212640636021,0,28,0
284,0.5824352809326647,4,-0.2593507469116412,0.9867656639479838,1,22,0
340,0.6710405700475184,2,-0.24455859878557806,0.5933631015675437,0,0,0
26,0.9190032818738999,4,0.7444791529056825,0.361568142482915,4,9,0
9,0.8773081212283836,4,0.7872890779049078,0.5558712312927252,2,9,0
85,0.3259721660468583,1,0.362634983839103,0.8378493304327069,1,3,0
354,0.20793392526889964,0,-0.8665165205907561,0.5004429803756052,2,20,1
254,0.16795701484715952,3,0.43741875787656515,0.23793352593362405,3,3,1
146,0.17393368550023047,1,0.7808693675761154,0.5062086896336032,1,24,1
140,0.5320876872973768,4,0.75176617898011,0.81940360364625,1,9,1
349,0.38229064558334147,2,-0.7636676790063128,0.31561712757640625,2,6,1
5,0.005916927542874539,4,0.17249725675069283,0.9728825602788455,1,3,1
118,0.6192936619155756,3,-0.05701572686877654,0.3753643193751208,1,3,0
77,0.8399438721885516,2,0.6714597035060967,0.0008445936906584794,3,18,0
30,0.9892075396549287,4,-0.8192111340844626,0.7789142016975924,3,1,0
90,0.412727307973609,5,0.6102434198451332,0.8311298329737983,1,16,0
160,0.41681240076804793,1,-0.6352822806430221,0.5565579860032561,1,9,0
231,0.5247631787259651,1,0.22350117800086156,0.5549823394031532,1,5,0
291,0.4029818439285032,2,-0.5153904764346853,0.2917461635464963,2,21,1
246,0.04763285522002836,2,0.750676907500639,0.297559039763839,0,3,0
300,0.2617111916720556,1,0.7653442135623101,0.31815698287840977,2,10,0
135,0.48973613056917675,2,0.37538228850636823,0.20502415477883051,1,18,1
198,0.20439983789027316,5,-0.14699012780876863,0.1824171137162467,2,16,0
308,0.32046977757839146,8,-0.6512262574552519,0.31101789765734034,3,28,0
234,0.8950901508104242,5,-0.3830274541580123,0.3223529867964148,1,23,1
188,0.8459452084744453,2,-0.9730495546522042,0.7198621481856605,3,18,0
358,0.8331911448817902,3,-0.13973037966456192,0.4782131307380413,2,8,1
201,0.7047247893462008,1,-0.02727007384211766,0.4402118580819918,0,18,0
278,0.027423259329638627,2,-0.16571050524124797,0.9007841650777892,3,18,1
165,0.6027780740688529,2,-0.32956634742490043,0.6142307219681835,4,1,0
350,0.9572497801958674,3,-0.27832058398277204,0.8503641567693979,3,3,1
34,0.576551846033843,4,-0.9528027468757108,0.9953594183572375,3,23,0
164,0.8399916763696686,3,0.048025861671129766,0.19411008658635287,1,25,1
13,0.22810834920056922,3,0.4870988098273761,0.030936274407075803,1,1,0
313,0.5347379198575883,0,-0.34376891453327896,0.5876280423101908,3,25,1
62,0.8451774811896914,9,-0.08097957329295769,0.899511333927977,1,16,0
316,0.6757570143280627,2,-0.06716385641344802,0.08788415550171169,1,4,1
138,0.11195285868394245,2,-0.7229274259639846,0.8868854851354175,1,21,0
127,0.8115044620896005,3,-0.10644523984991228,0.18219008611421794,1,5,1
64,0.26925972903665363,2,0.3296948589468369,0.6360261952772726,2,28,0
96,0.18535525025693422,3,0.25455725856151723,0.9862482715326467,0,26,1
258,0.1071746519126483,1,0.8667461085022314,0.8723784531737697,3,3,0
69,0.31451970481571057,4,0.4383781779764233,0.38806744933447657,4,24,0
160,0.801012412117975,3,0.16963170780323344,0.902205369723573,1,11,0
82,0.15894282439090357,5,0.7156751527952254,0.7470687423390359,3,8,0
281,0.8184998648904588,0,-0.9348381291819834,0.9754730171373206,2,10,0
58,0.18452801853962164,2,-0.9863602194555305,0.29226359571573557,6,21,0
60,0.4493554245786767,1,0.608646426575731,0.4597196138305083,1,20,0
162,0.05689629814870267,1,-0.5025104695326461,0.4639139396270181,2,10,0
360,0.8016691988188581,1,-0.4278504159795786,0.7380290327465535,1,12,1
233,0.18689702704147204,1,-0.021371888593203492,0.9592272990321666,4,10,1
235,0.08344784082197709,4,-0.7191218670973252,0.4853781707154905,2,1,0
116,0.5057886607154404,2,0.8003654945175087,0.9380020539215204,2,18,0
236,0.7678380275732433,6,0.6895028424379566,0.9577050369262846,2,16,1
180,0.01617539934999568,5,0.29789418660898215,0.9376709505950911,0,27,0
345,0.48637227664153426,0,-0.14689147109217782,0.9617458306894275,4,14,1
314,0.5387193048824275,1,-0.7129275012209029,0.7289691374910034,4,5,0
5,0.007923391350961984,1,0.7905866335616369,0.13448511267542862,2,3,0
141,0.9357078201295299,1,0.6962932636684631,0.9506794727329484,2,17,0
289,0.8507878040113671,3,-0.7738569177091401,0.8833673390412323,1,18,0
195,0.9092471944085264,5,0.7939534886694544,0.25117579855385164,1,15,1
135,0.07259113438111375,5,-0.03980808977604644,0.6008580013103375,1,8,1
22,0.15718850991255084,5,-0.2867050669361806,0.4130134639151398,3,19,0
57,0.5932708323996312,5,0.6023955429980001,0.9323587818225265,6,25,0
230,0.19973536387349355,2,-0.525377466883471,0.255521312393469,2,13,0
215,0.20094076068694933,4,-0.15643918428136838,0.18638023895149836,1,29,1
214,0.9123554995491167,3,-0.020790058745440154,0.792949262808066,1,3,1
328,0.8994229748200261,5,-0.735550783293689,0.7499079912093084,2,23,1
22,0.32374724369118935,3,-0.7722194813423486,0.7298320884108944,1,28,1
42,0.8539217282350052,1,0.9408859434450965,0.11227127836938045,1,5,0
254,0.4772690468945813,3,-0.2445851453686989,0.9949120669915869,2,26,0
254,0.09956774938228807,3,0.730167450827002,0.885995002696746,1,22,1
281,0.7200496015055837,3,-0.49740867398899624,0.4148164967793574,2,5,1
183,0.07925745396855932,1,-0.5267282408955056,0.09723323474734602,2,10,0
345,0.24972071592183254,6,-0.3408227955739045,0.8806866516079631,2,25,1
181,0.22112005999241402,2,0.4511670317741392,0.5862815174294307,3,1,1
199,0.5431187234149587,4,0.2952173921506658,0.2904754423414988,4,23,0
350,0.4295633028890896,2,-0.015099328705267423,0.7293950004267669,3,4,0
327,0.6444263859914641,3,0.8043624605504618,0.12350840814821407,6,27,0
173,0.9438617181078103,4,-0.678159571790091,0.03870998446925822,5,16,0
314,0.38338051250116456,3,0.22895891395195722,0.07579810207707816,2,5,1
133,0.08434432610802678,4,-0.7812429773251923,0.5713610658529514,3,15,1
357,0.4359374405939609,3,0.3620863702268309,0.32894077837302904,3,20,1
331,0.9714541890937709,4,0.7349133921099376,0.32207222127619983,0,28,0
191,0.6414949483426973,3,-0.06567812437371434,0.024447756697699607,4,20,0
180,0.5821962657290728,2,0.7389339447879315,0.5750179666395566,4,5,0
40,0.07313442371211609,1,-0.9537904901657868,0.7258206164244576,2,16,0
259,0.8419665700758576,5,-0.6137793546184278,0.6993294841851244,2,17,0
36,0.4946697838868146,1,-0.195458151347776,0.9102605509892256,1,15,0
262,0.7585842397571534,2,0.038949964331386644,0.8929155540911478,0,12,0
21,0.8944773490441028,2,0.9514111121009878,0.34553484238594034,1,1,1
26,0.3127651914845506,1,-0.8628231972576283,0.2559058225975198,4,3,0
260,0.833611790838775,5,-0.0015597852474229512,0.5277272650930326,3,21,0
75,0.0887418623338555,1,0.8839525163345792,0.7439229663093845,1,25,0
155,0.7467145883180644,3,-0.5987510567328524,0.3268832272625417,2,18,1
330,0.28058079292414106,1,0.5226114424310822,0.566616447580621,3,6,1
9,0.7300657326309596,2,-0.2581380123880552,0.6467294659057224,2,12,0
268,0.4251892410330934,2,-0.667065919702182,0.8862588167376222,2,3,0
98,0.7366842047799492,2,0.2767531408168151,0.2566339344425864,1,25,0
164,0.007633102400234626,4,0.024172913600882806,0.4388898103498665,1,18,0
8,0.8357672341964384,3,-0.4586362923650795,0.22164528649541682,1,27,0
203,0.08492792684233297,4,0.8451351206544946,0.3368870558132345,0,4,0
103,0.5101637329411686,3,0.03418527314955888,0.46014169909865066,1,7,0
191,0.11278009864728744,3,-0.12030990943060349,0.6747199164620872,1,9,1
250,0.5163391181011815,3,-0.738021189820498,0.2837170382648966,2,7,0
309,0.06099477085025151,1,-0.28533109750266683,0.6227714172121249,4,18,1
127,0.03550683155418943,0,-0.9573088135823158,0.5758908935076947,0,19,1
69,0.4887012911885932,4,-0.5100216989345525,0.0735408008316143,0,25,0
206,0.40480320939512704,5,0.8054301442403256,0.294251908285425,0,19,1
2,0.2520104905009677,1,-0.7505170609046834,0.9859220875046348,4,12,1
125,0.235974590920478,1,0.5900041781072147,0.7554608176779756,0,10,0
188,0.8438634081328422,4,-0.535121599443724,0.26450968044434586,3,27,0
153,0.331972559853594,6,-0.24289691436586658,0.22058479176192214,2,13,0
299,0.04667368408278638,5,0.3391457305755068,0.29988194928830114,0,20,0
136,0.11535801793435485,4,0.24125481362498924,0.7077052690568666,1,21,0
312,0.1121912323798222,3,0.26600217560914885,0.036615392326941,3,23,1
35,0.5156160562600667,3,-0.6317013127445845,0.9192009826848783,2,28,0
229,0.6255021765024521,5,-0.48926545094304497,0.10251632397410682,2,14,0
213,0.7603130529753912,3,-0.7495110419400861,0.4645723660876261,1,25,1
363,0.43112845398089894,4,-0.797086670933947,0.5350108983609272,4,24,1
317,0.5416369107627977,1,0.07169600980300084,0.1200440476691802,3,27,1
124,0.6286938245754107,4,-0.7732652766377857,0.9614030724344528,0,14,0
26,0.40963994713446206,3,0.3508689818366706,0.613185725607593,1,14,0
81,0.026292516819585443,3,-0.7098181575993099,0.6713811546587659,3,22,0
113,0.955742313046853,3,0.05305770128416443,0.5689724454895183,1,6,0
25,0.8962496683136574,4,-0.5542719852153748,0.4947910995811128,1,11,0
223,0.6106034414822784,2,-0.720969969188316,0.29522695226340123,4,14,0
1,0.2815171003840816,4,0.5277686276975393,0.9124370407141478,0,27,0
256,0.1479775842623301,2,0.9333782095581304,0.48327200910853507,1,17,1
206,0.47588022108830963,4,-0.4029093172336631,0.035446444733872706,2,16,0
100,0.4752043367044374,4,-0.042253140813991674,0.8491815367150415,3,9,0
130,0.38739971864181055,5,0.6012840820776024,0.28513484173322634,2,3,0
151,0.639432946115868,0,0.6552177222861222,0.3339409785758295,1,6,1
362,0.4889326129530909,4,-0.9899488755925416,0.21057731787437528,3,11,1
155,0.5307909048720804,4,0.6927926383340242,0.41532428316816516,2,6,0
250,0.7341047433848722,6,-0.5659624518018878,0.905116151250957,3,15,1
80,0.5899632043670728,2,-0.6891991457407207,0.7193881562351567,3,9,1
230,0.36857873551490394,1,-0.39532653051432787,0.7437650003365804,2,14,0
308,0.9102168689037533,4,0.3821155985411093,0.19617489440198266,0,16,0
95,0.3412226646326003,2,-0.37774292002396725,0.87487044253111,3,6,0
163,0.14583151104874525,2,0.9765736266632463,0.9779955233427681,1,14,0
5,0.9192464300046361,1,0.3548159644428388,0.5044908505583734,2,21,0
347,0.009742561216651957,5,0.946978537661944,0.18859404538761992,0,5,1
8,0.145931470233285,3,-0.4535774656867291,0.3974345116543152,1,1,0
159,0.608206150178729,1,-0.418383529926849,0.1082432195348011,0,11,0
39,0.2785145994610234,3,-0.4845479998704334,0.5987573476347765,2,24,1
35,0.9547606790934383,3,-0.6057937913959621,0.05726388687674866,4,4,0
189,0.5115347293008419,2,0.7173091036461625,0.0005240377444509781,2,11,1
322,0.8986562285223801,3,0.8717934787653405,0.4261935419584213,3,7,0
135,0.249479907074051,4,0.9137889427339183,0.6521247569151923,3,22,1
21,0.06275158492407362,4,-0.3928217407095238,0.6133595039654544,4,6,0
228,0.128222679117296,4,-0.6826892588601365,0.3317416347736496,1,6,1
94,0.625058914298059,1,0.19955681011592663,0.3406601436731488,1,29,0
353,0.8437248368400979,4,-0.9450851345398528,0.30992626067193463,0,9,0
270,0.13863378992155817,5,-0.3197486970606498,0.7299853578370183,2,15,1
352,0.9539323839287195,2,-0.8913928803936417,0.9229428731691359,3,15,1
264,0.4678721483188142,4,0.2178254874593364,0.7109722102179372,2,2,0
338,0.8645823649944813,6,-0.6179538868578358,0.8658057514536194,4,10,1
50,0.41481313299786127,0,0.9460110570240401,0.49939368359551306,1,15,0
337,0.3598033270752945,4,0.6402489550006101,0.5015170571381489,1,16,0
278,0.582856890720484,4,0.2021508566785104,0.020538183655000375,0,17,1
133,0.5380058165622082,3,0.17447141275632672,0.15999660300882168,2,16,0
28,0.2631575252085374,3,-0.7448503690692254,0.30978203726741704,2,26,0
330,0.8571372469330477,3,-0.6137828908846534,0.4058143307997313,0,13,1
286,0.2639726740882027,2,0.7201464260107655,0.12873618537246623,2,28,0
246,0.2315610194762111,3,0.7210012427780839,0.8782372405441182,2,28,1
229,0.14656424081956643,3,0.7420098472687098,0.9110835069210724,1,20,0
34,0.318296205991883,4,0.14991836168023953,0.3409558948793787,1,5,0
96,0.13229977357780698,3,-0.8381275154148835,0.21177475526784062,4,8,1
205,0.7389282142348124,3,0.17762806164196987,0.6591038353660469,3,22,1
306,0.3577813960670635,2,-0.990208723176015,0.3780261571271917,3,4,0
344,0.7149770628385405,3,-0.9974979386593616,0.056944641326531875,3,12,1
19,0.15426400474702495,2,-0.2946859279383749,0.8552639518288896,2,12,0
42,0.855424615025369,0,0.27253929506511954,0.08525036350475179,2,23,0
260,0.9706310911927843,1,0.6054749585521457,0.0026579331621071622,2,19,0
241,0.19531062647385689,0,-0.6047425458554945,0.5759801451932223,3,0,0
85,0.803017699814362,3,-0.6147246499996188,0.2634327642840327,2,13,0
114,0.3544852383826532,1,0.9109411911422212,0.5362405181803913,1,22,0
220,0.35879735812539126,5,0.0015581873869014995,0.705255081961386,6,24,0
354,0.13411751087403256,1,-0.355730003535657,0.7330089766224701,4,27,0
215,0.11974031903329807,1,-0.047883249765390934,0.9156185850953675,1,9,1
35,0.6414494817941493,3,-0.9854477321522335,0.566966114549592,2,2,0
162,0.7879522165287488,10,0.4011544693773288,0.9296673477879313,4,15,0
356,0.9468300717366557,3,0.6643764749250853,0.07156706152910275,2,23,0
50,0.45106290834550267,2,0.4559306123838349,0.08951392047264795,3,19,0
52,0.3559383735306738,2,-0.8698166839533266,0.12818845947463187,1,9,0
192,0.9525408899124221,1,-0.1483453290557828,0.09098354808800135,6,6,0
160,0.27648432607591367,4,-0.4024461472257068,0.6411192552461024,2,13,1
356,0.2481300730930328,5,-0.43193177573007424,0.9233125287672969,1,9,0
204,0.8042453713203453,2,-0.021757492672864753,0.008672744486465378,0,3,0
145,0.5105261217565802,1,-0.39659780011132817,0.3887477543886676,0,24,1
71,0.8780267030671068,2,-0.8871419029508041,0.18973221705916776,2,4,0
147,0.9257728143976257,1,0.3903797968360947,0.2958893001570483,3,21,0
275,0.46703090815241755,3,-0.785142142207718,0.6380175730093903,1,3,1
320,0.032465249298877064,3,-0.09826536964267518,0.207803321501563,2,16,0
157,0.25790165976719936,3,-0.1717161437859407,0.27417874702312095,2,24,0
27,0.536364667076584,1,-0.5835472111340534,0.7976858982307781,5,25,0
115,0.7929178437661704,2,-0.7109138356517184,0.7339976986160239,1,12,0
25,0.8842574712426123,1,-0.246656650771772,0.698673013546018,1,24,0
29,0.5499220507971334,3,0.1261910332707512,0.4321629749852999,2,19,0
106,0.6260075528677846,6,0.5394948063722429,0.992627707499149,0,19,0
322,0.6477976737986884,3,0.8165916463521585,0.2159401536253417,2,19,0
85,0.759115609742763,2,-0.1322110107957819,0.37321273852645787,1,1,0
305,0.3754265098909768,2,0.3711640393760127,0.11894358431600827,3,1,1
87,0.1946006196744443,2,0.5700768816304218,0.32126859291019305,2,23,0
167,0.552873079312071,4,0.017852540412084394,0.22733759529612496,2,6,0
352,0.33112403686063085,2,-0.4191583937042249,0.005645482568368165,1,0,1
5,0.3947297201477391,0,-0.265621569051939,0.21701817132164658,3,26,0
333,0.2664251817101553,3,0.7707824922038882,0.8551645898345904,4,27,1
254,0.7302049649667913,1,0.420436352406625,0.7733709871623436,2,24,1
261,0.3946940886700989,5,0.05693562131695229,0.1869694595120881,0,21,0
81,0.20954845027453606,2,0.6555997289732145,0.7262488811319311,2,22,1
330,0.8070396298722922,3,-0.8351641824410709,0.9554142567393188,1,11,0
341,0.30864661826891326,3,-0.4230330088693568,0.40973549628153094,1,1,0
192,0.39732270886149346,6,-0.40506054877167874,0.10117150470996439,1,14,0
16,0.27616280098590806,7,-0.9677553695707275,0.2431793556929729,2,19,0
17,0.09519321720680463,4,0.6292246609327423,0.8262508849109658,1,4,1
171,0.5900860797235865,3,-0.8027809745392103,0.7772802989468702,1,8,0
127,0.06146344768708978,4,0.4046290605032876,0.6738331388916533,3,18,1
98,0.05678302344260722,2,-0.9000667067799257,0.6214051079356617,1,2,1
24,0.9520836466374243,1,0.5558018474867725,0.24568655672701534,3,20,0
364,0.12998255445446638,4,0.201719751138288,0.2739799076961954,1,18,0
328,0.9373940426635561,3,-0.43799674038599523,0.4827537118093508,3,21,1
173,0.6965588135216617,0,0.6253193245757431,0.7694696752837651,4,18,0
16,0.4653863227545505,7,-0.8648759847421741,0.3553025573654296,1,26,0
313,0.2366491182677729,4,0.26532809173062954,0.5721003132985097,6,27,1
9,0.38722647598478666,4,-0.9823142961325979,0.3046592020751643,1,26,0
11,0.8973634644926405,0,-0.7666386691289473,0.6902611084721959,2,29,0
245,0.6471286109993729,0,-0.41618188070574225,0.12493116540042293,0,4,0
98,0.38720247553333464,0,0.9624501764660869,0.136558714206665,2,16,0
358,0.38065489168508937,2,0.6551073095206652,0.49594355029591286,2,10,1
38,0.24946908287864966,2,-0.9343874732466853,0.9010255698223625,1,22,1
23,0.4091924700184839,3,-0.526449360346638,0.7748932895474541,3,24,0
270,0.03136174855323404,2,-0.42911071553823654,0.9476428647369594,2,26,0
14,0.17710433928665326,3,-0.8520860638086976,0.26509993229436213,2,27,0
142,0.35663960766569824,4,-0.29819906555269493,0.11566672483567997,4,17,1
146,0.6046816591399607,2,0.050689053151639296,0.9332057148729299,3,0,0
170,0.12633081140194957,4,0.6363940516094004,0.8351978421264316,0,6,1
240,0.23831436873657963,3,-0.44188139180662533,0.9920064298619142,2,19,1
230,0.5620531213330856,3,0.32473417475282695,0.4972751195966626,3,17,1
358,0.46901507246398944,3,0.02512827165777387,0.21747170102494973,0,1,0
8,0.994695344518282,2,-0.970728738484907,0.7091478670268533,1,5,0
142,0.8901252337102631,0,0.508756149369298,0.6471104805272551,1,20,0
165,0.4113641120090349,2,0.5731304869847886,0.8119162540739655,3,6,0
8,0.027909242905104215,5,-0.5168805518732844,0.6943698216570596,4,22,0
227,0.022220012345060214,3,0.7697665483548675,0.2076602733439913,2,26,1
163,0.018935775337284744,3,0.6296205955977969,0.5567994857292168,2,28,1
185,0.18353019545157823,0,0.11133891257205075,0.3666405225871201,2,19,1
95,0.7263691705971671,3,0.7427163801711656,0.35615380256920925,1,7,0
10,0.4088343124188608,3,-0.5598982613387677,0.4513537313054371,4,13,0
14,0.6927335995956272,2,-0.35941073602692675,0.8723412031034564,2,3,0
184,0.47271664217799947,1,-0.55364816919355,0.6173087478552338,4,3,0
273,0.9772429887675652,0,0.2454281090146182,0.5079733664473541,1,5,0
329,0.5631151513193483,6,0.512317357796966,0.2571025511598314,1,3,1
34,0.4122872230442062,2,0.8858459522227604,0.28760910476132595,1,0,0
130,0.4963026586183672,0,0.031095253466264516,0.2012198103888413,1,14,1
236,0.1982430270003176,0,-0.8171810847684684,0.4118993775391748,2,22,1
93,0.42531193372074305,2,-0.4520443402681509,0.11974399794030544,2,27,0
123,0.8932242548341046,5,-0.5403024715460842,0.5377874230962609,2,9,1
246,0.8188336779040204,8,0.40948709950179785,0.6255357780912166,0,20,1
278,0.6450268601117749,3,0.3660196225753476,0.03577435443206134,1,17,0
266,0.6117644907445037,4,0.4792073557383938,0.17366114175957503,2,28,0
264,0.708684337236823,2,-0.7930294412338639,0.27333686361962284,0,27,0
327,0.6378575853230513,7,0.05183086048078578,0.7539016965887885,4,25,0
250,0.4643274856162002,4,0.1518536389013836,0.5767123650945277,2,28,1
349,0.8516540062437734,2,-0.08906629597360771,0.0738850971202415,0,23,1
136,0.5090608538463055,5,0.5227114667331416,0.24692776212682377,5,25,0
194,0.8453773772135391,1,0.6798585171169798,0.859502789565915,2,22,0
256,0.7156800875233135,5,0.6736284853510537,0.5681621006426262,1,3,0
223,0.6745569268670684,4,0.38898620242138837,0.3252395291182686,0,22,0
282,0.025980583227142806,1,0.6784168299076776,0.5643973363089864,4,14,0
126,0.4774142224279855,1,-0.002505793262131517,0.250348265349451,2,15,0
114,0.7733880322709029,2,-0.08402166422369084,0.4674535504085272,2,20,0
217,0.33682553707457286,2,-0.8353254775553727,0.336366801529861,1,19,0
101,0.7354484370957561,7,-0.28223519272182784,0.8320283030621253,3,10,1
227,0.7323359124665009,4,0.7596527726574998,0.96521031388266,3,1,0
34,0.4556533012686561,1,0.8869659869744391,0.8388007219100466,0,7,0
54,0.24869904896241568,0,-0.3271041898597282,0.0585071968205928,4,9,0
122,0.3357265410191699,3,-0.9097746658574042,0.02452598007857787,3,1,0
145,0.4042478107286317,6,-0.16876859142888256,0.13997537356993395,4,25,0
8,0.971372305841358,2,-0.3096150154038013,0.9125481120921685,2,9,0
225,0.952606780942092,7,-0.10372329855849172,0.323148849874887,4,22,0
45,0.08283916434347871,7,0.27335990208034544,0.6036197393485565,0,14,0
199,0.8874695108156926,2,0.8397738554897201,0.08085091690294854,2,25,0
176,0.8065005674532197,2,0.9156313931484044,0.6068069986987964,1,18,0
209,0.9183113633263557,7,-0.8816356305329578,0.07934909201585028,3,16,1
246,0.45837235634258144,6,-0.7479432332977998,0.9946627014747591,1,20,1
87,0.19143820210761842,3,0.2785867772863482,0.921195485407137,5,6,0
163,0.8399100138607922,2,0.03974833171791392,0.19629424223685443,2,28,0
241,0.26394177651517603,2,0.21254726231767096,0.8416900946144876,1,29,1
338,0.004175862395684016,6,0.44417614415113404,0.9773836548607587,0,19,1
91,0.4231943666443392,3,-0.6257922670676612,0.22616635753208658,2,3,0
192,0.5369319344441675,2,-0.6340342503657286,0.04216032453030538,1,17,0
307,0.7051314176649777,3,-0.4644328292569213,0.6244788099254062,2,10,0
48,0.8111597136225791,2,-0.6572411191779286,0.3615458849008383,2,3,1
258,0.11402776342722709,2,0.9365760024257377,0.8374994308649105,2,5,0
57,0.5784739198906564,1,0.7552295393721116,0.9414973587234126,4,25,0
244,0.4211071476844014,4,0.3293224799067256,0.9866102241845219,6,2,1
180,0.49944406466764013,3,-0.46340992064167374,0.8926325440613554,1,16,0
338,0.6582956468923544,2,-0.9265441636156646,0.5357352277677958,1,5,1
266,0.4066031813287919,3,-0.14864325954805757,0.4650203587418579,4,1,1
55,0.9887740136229949,2,0.6180796456542617,0.5793016653461706,3,2,0
27,0.5805780554376523,3,-0.6596813433820954,0.40389024255738504,1,5,0
110,0.4794656219151039,1,-0.5616627907803244,0.9448106369687047,1,7,0
153,0.46242206348785386,1,-0.9256451220569328,0.4735181027781289,1,9,0
207,0.07588009910413596,3,-0.7343208457147827,0.752634462381221,7,9,0
243,0.3829436557650364,2,0.07862897694062787,0.5039751347708002,1,9,0
298,0.2331651882199013,3,0.5354825224928608,0.4536309291816506,1,22,1
122,0.958582437340155,2,0.11172023855142799,0.5548947073853193,3,14,0
276,0.39973938437197265,4,-0.08552363654568995,0.6396584351350036,3,14,1
143,0.8520708703644393,2,0.8946342423002485,0.17968761417930945,0,26,0
10,0.6354888014670559,5,-0.13769387675636025,0.4326103960541817,5,15,0
293,0.8337535795769506,1,-0.8187116066837083,0.45094201442873505,3,22,0
194,0.8435804140316744,4,-0.42498343582689757,0.9936165604686081,1,3,0
253,0.5209380523550361,2,0.2527125572808635,0.5841126379621585,3,14,1
344,0.32242259260074646,3,-0.5549171892893388,0.5445335695276424,3,29,0
79,0.9757343787188976,1,0.41102641211488544,0.7073266325674527,3,25,0
351,0.7525610514141671,0,0.4243363961860753,0.19904664623238955,3,15,0
52,0.686749782835715,3,0.0023864522815577605,0.291906502833313,2,20,0
16,0.5101497573262982,2,0.6815380655542693,0.6099508744423064,2,27,0
293,0.8103386818308679,2,0.8983271948110443,0.5355235135934974,2,14,0
29,0.2715308734794374,1,-0.7131353854365212,0.5645656876351031,1,3,0
27,0.14206225681052675,5,-0.1347975002274806,0.48237417310759534,1,5,0
171,0.7098343306876548,2,-0.6131348290262333,0.8655983280325703,2,28,0
281,0.7095488893929447,5,-0.7337242838214237,0.42743001629666455,3,4,0
54,0.3752593507185563,5,0.558008790190998,0.7907812881698417,1,26,0
289,0.4755217324071904,1,-0.9642146539373129,0.26377852403178836,2,26,0
18,0.4613587653494138,4,-0.9559074466720454,0.7214655988263105,1,13,1
355,0.4924553069244163,6,-0.13570138697322465,0.4862146920014424,5,24,1
24,0.9123023947031991,6,0.7930814452724184,0.19875040136697297,5,20,0
17,0.7343853719001515,6,0.8183067165513032,0.10928537229730839,0,13,0
162,0.6697967334797041,2,0.40039970462034935,0.08120184672200259,2,26,0
88,0.3154726717769455,2,0.09346952644981021,0.6169301512510629,0,17,1
272,0.2827008489595696,3,-0.010468841928912509,0.592022892580844,0,8,0
344,0.10983704477401424,2,-0.7497749041279131,0.6399336457302093,2,2,1
169,0.5082765196117652,5,0.6424397560898258,0.9746983107805632,1,7,1
235,0.96255492292309,3,0.14397977234195758,0.9277174526653669,1,16,1
268,0.6890536645947506,2,-0.37330711900485025,0.5510534453453819,3,1,0
264,0.2842610009906543,1,0.9770322798362971,0.051952617651934485,2,3,0
161,0.031375280950097006,2,-0.4973535183376181,0.5538101474308366,3,3,0
180,0.08358056518649437,2,-0.4143937642014457,0.3982384260802089,3,25,1
136,0.05496604841508701,2,0.9407904739672086,0.05319959637429961,2,10,0
216,0.5397166164812228,5,-0.937798643695662,0.4665345427113565,2,22,0
96,0.3950099383674416,1,0.17807296465795286,0.023101676141960126,5,28,0
71,0.9239878437223276,1,-0.45273591290808923,0.5547592693868351,3,8,0
170,0.2152556365805457,3,-0.007128986340753318,0.2221214688787907,2,23,0
69,0.7342468994475112,2,-0.6304217094579416,0.011835599419512066,4,27,0
286,0.5927667844855894,0,-0.4351985098292437,0.41136559083505875,2,17,1
274,0.9214821123206244,5,-0.9830434300896653,0.8564425815423622,2,27,0
79,0.9044600831964807,5,0.9821541708831725,0.6154357565407133,1,8,0
66,0.3812224889437241,2,0.4570035696617809,0.47250410050990943,1,19,0
107,0.36541060927428326,2,0.3603396812797004,0.7971183683837151,1,23,0
92,0.9130711511835014,2,0.860395433756552,0.9004888127890831,0,2,0
166,0.005044217092736281,7,-0.42482430244904834,0.6934469398971171,1,1,1
17,0.8302786276667976,6,-0.6020662940425328,0.22134331222213977,2,0,1
312,0.7598227423984822,5,0.8353148888496871,0.8969982684091253,2,21,0
204,0.9297539821492504,3,0.2410941828267268,0.41581742099568286,2,15,1
195,0.609978844073005,2,-0.8557399257048137,0.23212808489786907,0,5,0
153,0.11767679935120734,5,-0.8545718309954105,0.015166496886656944,2,10,1
246,0.29486367335011954,2,0.6513162714343574,0.5594491203738283,0,21,1
54,0.7889084260358448,5,0.6602810995811241,0.3140472719065933,0,20,0
86,0.2735014550301388,2,-0.7191926446586501,0.8213299580809518,2,7,1
27,0.8818471374886171,3,-0.7878400848059051,0.07563062219034522,0,22,0
323,0.8421921839938946,4,-0.5105073394535424,0.5234200829344128,0,24,1
74,0.0023333074369743523,3,-0.845148829540532,0.12363542599886479,3,9,0
40,0.0023699987926686372,3,0.6865259758309374,0.6047544424386521,3,7,1
353,0.43788197805833706,2,-0.8378584749049889,0.10469426638028967,3,17,1
128,0.45138449024699046,2,0.4819260272285013,0.1379935456862883,2,2,0
24,0.08569391589096809,3,0.11478060267445378,0.23121311440699532,8,10,0
303,0.3159730617712836,3,-0.8312359127755355,0.581620263143672,0,15,1
196,0.6969461383385273,3,0.019528830132763852,0.5336160253553311,4,5,1
228,0.40173887453825874,2,0.5256036792943237,0.5084868944152136,3,19,1
233,0.6040964538158391,2,0.3236854670536877,0.5896863964494582,4,1,1
64,0.2761161664790097,8,-0.6352046066191896,0.5253676761915171,4,22,1
334,0.8165151767987713,3,0.8238773395766354,0.178667536280409,3,11,0
199,0.7731104422025312,3,0.22625088853617714,0.5549729717810645,1,19,0
83,0.45154349281335426,2,0.9215650604664349,0.4831309922306941,1,29,0
215,0.8112324487010907,4,-0.07715871502388749,0.3682190372222053,1,17,0
294,0.7537998255947552,2,-0.6712152774348448,0.8334621136764611,3,19,0
169,0.13585432047793522,1,-0.04722582657491259,0.9782742769462365,2,10,0
337,0.16548673447614404,1,0.3348291773023173,0.5659659669821926,3,6,1
256,0.867004547514086,2,-0.8565512243095845,0.023538621368883184,5,28,1
182,0.08876064306889819,3,-0.3510819852208793,0.7670621585438161,3,6,0
267,0.8698580374681757,8,-0.35557532999190133,0.5420511948602397,1,21,1
347,0.3551623310722658,1,-0.5116451920532799,0.8965319922218465,3,11,1
330,0.7814303279748606,2,0.7621410089730545,0.7664539077427887,2,3,1
345,0.10343216919751819,4,-0.06037091177547249,0.944256606931803,1,19,1
333,0.476064579499464,2,-0.3983515562190765,0.11921894979955605,1,2,0
267,0.49124829972945927,2,-0.6732756542200617,0.9483099212615748,2,17,1
103,0.36909135047443786,6,-0.18972872840378585,0.33435075143021,2,17,0
132,0.5741884754061525,4,0.3598208958821407,0.6863540612687741,1,11,0
352,0.02445826447072086,4,0.5839517876848579,0.27165614146851047,2,25,1
58,0.001952075202366177,1,-0.9825882194346587,0.15449395642587171,3,22,0
314,0.569672511076924,1,0.8817116114988308,0.6273118783158107,0,6,0
20,0.3788270286075508,3,-0.8086826707009109,0.14500132984190361,4,21,0
197,0.3950512725926114,4,-0.8664975791726761,0.7019140825101675,2,1,0
237,0.9954153221009293,2,-0.18638290479204223,0.9864752626438592,0,3,0
108,0.11843277292022025,4,-0.35344066368412896,0.16429825054845737,0,10,0
115,0.03863558114053134,2,0.8923689283262217,0.08668214056863477,1,25,1
29,0.6544012350029168,2,-0.3115800138033169,0.29697140376548314,2,1,1
52,0.1293713395191306,4,-0.6786909954748073,0.042879146977901295,1,0,0
38,0.2795293856332476,2,-0.7101990043492037,0.12780182812652363,2,4,0
240,0.9194800363928533,4,-0.11757562060716586,0.22145440290295038,0,3,1
162,0.2575264868899517,3,-0.23106835374810064,0.9742315036231604,3,16,0
148,0.16132719753017,4,-0.40525281629057175,0.10756830358282721,4,22,1
165,0.9253436501540053,1,-0.686058498245034,0.37253790112109963,2,5,1
135,0.4063363030286584,2,-0.29432635151892117,0.2645728109145231,2,1,0
216,0.3960363404350902,3,-0.6635325720696617,0.4108790443390765,1,7,1
294,0.13563230341897825,2,0.5048816599591848,0.05370946080708572,5,26,0
285,0.9461166434445898,1,-0.43736828420096785,0.8676951831162867,1,27,0
343,0.9253750239425204,0,0.25144741850734786,0.6765058725861227,4,25,1
55,0.5230553141607376,6,0.9142060205302609,0.4447845773207122,1,13,0
88,0.8019760540885605,1,-0.5310768213984682,0.10496231530650468,2,13,0
158,0.9911533005069249,3,0.6262703759796078,0.8889838833311978,3,4,0
326,0.36166466175999834,3,-0.8650245900656983,0.6113427695808062,2,11,1
229,0.6275670916789855,2,-0.7207143679212045,0.2478378455570669,0,12,1
122,0.9667401044522979,5,0.23342277287357693,0.13246229911755403,0,6,0
145,0.2863682851057573,2,-0.5459923169851073,0.01830819206771972,3,9,1
339,0.5405623864445483,2,0.6843057727805684,0.01089985629233392,3,3,1
161,0.8754932638943961,2,-0.8783833740561946,0.48542326815291326,2,25,0
163,0.9762919304277419,5,-0.26141369797108904,0.8853738692903852,0,16,0
340,0.7588999878730988,3,0.6296468216664317,0.5812258257236693,2,3,1
35,0.8543880969363266,0,-0.654841293777709,0.25074203670580386,2,1,0
19,0.6800998925539664,3,0.9531474021378856,0.3369514719382558,0,23,0
223,0.7024529038540012,8,0.5372230651019738,0.3768488801580855,2,0,0
300,0.720652010194797,4,0.7974400580962226,0.24768638046683866,3,24,1
218,0.3471457243982502,2,0.3648905356557668,0.40815988095884326,2,9,1
275,0.4937954332405048,1,-0.049148224047443456,0.9164932530239364,4,28,1
218,0.07175701901457554,5,-0.4500429474230474,0.8934423922712699,3,23,1
170,0.892924786801309,1,0.7389435222091418,0.20487668536625525,1,12,0
129,0.32205779784656074,3,-0.44770249606635537,0.5632864653696212,0,28,0
361,0.7678746370689967,1,-0.8549894636730468,0.33056382539966933,0,29,0
117,0.06852481925832754,6,0.6824865441299628,0.9850652592497315,5,8,0
172,0.9389914468597623,4,-0.3653828720635872,0.6413408229865477,3,4,0
239,0.15366900221632107,5,0.967791514611396,0.7230709185690389,1,1,0
13,0.9567606872150354,1,0.8338131763370995,0.9198198452017501,3,25,0
283,0.13463106773967426,1,0.6988692705789223,0.5761951097992183,3,15,1
218,0.11056527507233482,3,-0.054012101912464194,0.8942878712081055,4,24,0
181,0.8990673413856455,3,0.6881707933883234,0.608508199086454,2,3,0
57,0.2193714494002036,5,0.29557812547359896,0.7919402032904227,1,0,1
17,0.15318260774774706,3,0.9055075195907338,0.5741204553664525,2,2,1
277,0.5807299403049505,4,-0.12543227877862262,0.5360116948469803,1,3,1
151,0.2479796751042347,4,-0.9596944463342698,0.09815057110594982,2,28,0
263,0.858245035246851,4,-0.4187944661042371,0.8612479588398927,3,15,0
22,0.9237699933383883,5,0.18807858025593482,0.3629233821532919,4,21,0
229,0.35653853339397135,5,-0.23801867372509244,0.5351870303576388,1,16,0
223,0.4433118791895737,5,0.5944878343871338,0.05024668364958351,2,16,0
109,0.8271728198381251,3,0.2534551449928548,0.8490301905226636,4,28,0
119,0.5545585352990624,2,0.14921281875330727,0.4347853480727687,0,13,1
242,0.9889087191286794,2,0.24847301690261414,0.5389020986279263,4,12,0
60,0.817586983174519,5,0.22108158990045834,0.2733969032920772,0,26,0
103,0.4875051394047393,2,-0.6514199025353973,0.21556812438703188,1,19,1
361,0.7729556471272944,3,-0.8183959780962298,0.8892367957445096,2,27,0
176,0.27931848482488997,1,-0.5062763878116237,0.3918494340166808,0,15,0
19,0.5517026145501301,3,-0.15227404763206698,0.7809807944470414,1,10,0
323,0.054185061210986096,1,-0.8128628456136557,0.1505508128539601,2,2,0
339,0.2491361058148447,4,0.6879708112721556,0.9522470870221492,2,27,0
159,0.11750080509073535,5,0.599074753066472,0.5788124166926172,1,10,0
228,0.7960561809456992,4,-0.899204423678122,0.7864304843020282,3,15,1
30,0.7714292587679957,6,-0.8206827297571684,0.1578136699413465,0,20,0
161,0.1828703747337559,4,-0.38408673069193067,0.3285153443304699,3,9,0
136,0.7393313227020819,4,-0.007781661772291226,0.4107476745216476,1,17,0
99,0.9800110841396911,6,0.8220685577122482,0.5506887074633056,3,5,0
95,0.45727629311730245,2,0.27540815194267343,0.6549794695968623,1,1,0
45,0.9449321756231439,4,-0.7874247000217567,0.6911313650392189,2,12,1
301,0.5151549888766269,8,0.362396111211265,0.23176628250105735,2,13,0
125,0.9865313692795088,2,0.06007669416009409,0.20501759936913044,3,20,1
350,0.20071374891293836,6,0.8511962238484008,0.16406461046457088,2,19,1
97,0.7698609170379352,4,-0.47253411816896085,0.5728703304534275,1,24,1
358,0.504071602227509,2,-0.12363525130153064,0.6015713092202992,2,8,1
354,0.8460787168130531,3,0.06593529641684692,0.18106514232002824,3,16,1
187,0.293376337345738,3,-0.010862521684324111,0.5246149892584343,1,26,0
